key,text,encoded_hex,cell_count,missing
bio_102073,Nhung cuoi cung khong phai doi thu cua Vien Thieu nen thua tran va chet,F26EF546F549F3C4F252F4D1F14CF54BF063F157F2D0F14AF0D3F074F57B,15,
bio_1020E9,[loi extract],5BF361F4B75D,2,
bio_1020F1,Nhung vi Luu Bi roi di va loan su o bien gioi Tay Luong,F26EF067F351F5DFF1E0F4E2F074F364F1BAF25BF5DBF473F17CF353,14,
bio_1021ED,Dong Trac,F4CEF0D9,2,
bio_1021F8,Nhung sau do bi su thong minh va muu luoc cua ong lam say me,F26EF1CDF4D5F5DEF1BAF14EF2EFF074F2DCF355F54BF256F3A8F1CBF2F7,15,
bio_102259,Khi giao chien voi Quan Vu thi thua tran dau hang,F3D6F478F574F05CF1F4F057F15CF14AF0D3F4EBF460,11,
bio_1022AC,Vuong Lang,F052F3A2,2,
bio_1022B1,Sau duoc Tao Thao trong dung roi chuyen sang phuc vu ong,F1CEF4BFF1A6F168F0BEF4C2F1E0F554F1D3F1FCF056F256,12,
bio_1022F9,Kien quyet khuyen Ma Ung phai dong quan o vi tri chan duong,F3BCF1E8F3C0F34BF07EF252F4CDF1F3F25BF067F0CAF5ABF4BC,13,
bio_10238D,Cuoi cung khien Lu Bo giet Dong Trac,F547F549F3D1F35DF5D2F475F4CEF0D9,8,
bio_1023E1,Tung dua ra loi khuyen dung dan cho Quan Vu,F0A9F4C8F1E5F361F3C0F4C2F4F6F56BF1F4F057,10,
bio_102457,[loi extract],5BF361F4B75D,2,
bio_10245D,Khi Tao Thao nam xuong thi dau hang phuc vu ong,F3D6F1A6F168F2D9EFF5F15CF4EBF460F1FCF056F256,11,
bio_1024A9,Cung Nhan Luong la mot trong nhung tuong hung manh tieng tam,F54AF2A1F353F3B0F2E5F0BEF26DF0A5F3F2F341F0F3F1AC,12,
bio_1024F5,[loi extract],5BF361F4B75D,2,
bio_1024FD,Tao Thao trung ke giet Thai Muu va Truong Van,F1A6F168F0B8F3E4F475F173F2DDF074F0B6F072,10,
bio_10255E,[loi extract],5BF361F4B75D,2,
bio_102565,Sau bi Vien Dam tan cong roi dau hang Tao Thao,F1CEF5DEF063F4F9F1AAF54FF1E0F4EBF460F1A6F168,11,
bio_1025D9,Cung Tao Hong va Tao Nhan giu quan Ngo,F54AF1A6F3FCF074F1A6F2A1F471F1F3F2BD,9,
bio_10262B,[loi extract],5BF361F4B75D,2,
bio_102633,Cuoi cung ket thuc thoi loan lac Tam Quoc,F547F549F3E2F145F150F364F3AEF1ADF1EF,9,
bio_102693,Tu Ma Chieu,F0B3F34BF573,3,
bio_10269B,Ke thua quyen luc tuong quan,F3E5F14AF1EAF358F0A5F1F3,6,
bio_102711,Tu Ma Su,F0B3F34BF1BC,3,
bio_10271B,Nam quyen thuc te cua nha Nguoi,F2DAF1EAF145F179F54BF2A6F2AE,7,
bio_10276F,Dien Phong,F4DEF242,2,
bio_102775,Lai manh me chu truong khang chien lau dai voi Tao Thao,F3ADF341F2F7F561F0B5F3D9F574F379F4FAF05CF1A6F168,12,
bio_1027E9,Khi biet Thai Muu dinh am sat Luu Bi,F3D6F5D9F173F2DDF4D7F5F7F1CFF351F5DF,9,
bio_102889,Theo lenh Gia Cat Luong pho tro Quan Vu tri Kinh Chau,F15EF373F4A2F5B7F353F243F0C3F1F4F057F0CAF3B7F5A6,12,
bio_1028BD,Gia Cat Luong trong Bieu chinh tac ca nang tai cua Huong Sung,F4A2F5B7F353F0BEF5D7F56EF1B0F5C8F2D7F1AEF54BF3F1F1B6,13,
bio_102909,Ton Quyen rat danh gia cam dan va muu luoc cua ong,F0E0F1EBF1E3F4F2F4A1F5C0F4F6F074F2DCF355F54BF256,12,
bio_102971,[loi extract],5BF361F4B75D,2,
bio_102979,Mot trong nhung than cung co cong diet Tac Khuong,F2E6F0BEF26DF16EF549F552F54FF4DBF1B1F3C1,10,
bio_1029C9,Tung dich thu voi Luc Kang con cua Luc Ton o Tuong Duong,F0A9F4E0F14CF05CF359F3E6F551F54BF359F0E0F25BF0A7F4BD,13,
bio_102A55,Khong may thua tran va bi giet,F3C6F2F8F14AF0D3F074F5DEF475,7,
bio_102AAD,Tung danh bai Tao Tu khi Tao Phi chinh Ngo,F0A9F4F2F5ECF1A6F0B3F3D5F1A6F247F56EF2BD,10,
bio_102B01,Khi Tao Thao khoi binh danh Dong Trac thi gia nhap phe ong,F3D6F1A6F168F3C7F5D3F4F2F4CEF0D9F15CF4A1F27CF248F256,13,
bio_102B5D,Ly Nhu,F34EF272,2,
bio_102B65,Khi Dong Trac bi giet thi cung bi xu tu,F3D6F4CEF0D9F5DEF475F15CF549F5DEEFFDF0B1,10,
bio_102BDF,[loi extract],5BF361F4B75D,2,
bio_102BE5,O Mien Truc giao chien voi Hoang Trung ngang tam,F25CF2F4F0BBF478F574F05CF446F0B9F2C9F1AC,10,
bio_102C51,[loi extract],5BF361F4B75D,2,
bio_102C59,Sau trung ke Duong Bieu va Quach Phien chia re,F1CEF0B8F3E4F4BDF5D7F074F1F5F246F578F1E2,10,
bio_102CC9,Duoc Ha Hau Don gioi thieu nen Tao Thao trong dung,F4C0F46AF45CF4D0F473F156F2D0F1A6F168F0BEF4C2,11,
bio_102D65,[loi extract],5BF361F4B75D,2,
bio_102D70,Sau khi Quan Vu bi bat va chet,F1CEF3D5F1F4F057F5DEF5E4F074F57B,8,
bio_102DCD,[loi extract],5BF361F4B75D,2,
bio_102DD5,Van xong pha cuu Ton Quyen va Tu Thanh bi vay,F072F040F254F540F0E0F1EBF074F0B3F16AF5DEF06B,11,
bio_102E41,[loi extract],5BF361F4B75D,2,
bio_102E49,Luc Quan Vu nguy cap lai xui Luu Phong khong cuu,F359F1F4F057F2ACF5B8F3ACEFF8F351F242F3C4F540,11,
bio_102EE5,[loi extract],5BF361F4B75D,2,
bio_102EED,The Gia Cat Luong quyet dinh nam chinh binh dinh,F162F4A2F5B7F353F1E8F4D7F2D9F56EF5D3F4D7,10,
bio_102F65,Cung Manh Dat muu don Luu Bi vao Thuc,F54AF342F4EEF2DCF4CFF351F5DFF06EF146,9,
bio_102FCB,[loi extract],5BF361F4B75D,2,
bio_102FD1,Cuoi cung bi Truong Phi chem chet,F547F549F5DEF0B6F247F57CF57B,7,
bio_103051,Vi cha bi Cam Ninh ban chet nen thu han sau sac,F068F5AFF5DEF5C1F268F5EAF57BF2D0F14CF462F1CDF1DA,12,
bio_1030F0,Nhung vi cung chu bac phan doi Tao Thao xung Vuong,F26EF067F549F561F5EEF24EF4D1F1A6F168EFF7F052,11,
bio_10315D,Nen am muu don Luu Bi vao Thuc,F2D1F5F7F2DCF4CFF351F5DFF06EF146,8,
bio_103219,Vi the truoc khi chet Ton Sach co di chuc,F068F161F0B7F3D5F57BF0E0F1D9F552F4E2F55C,10,
bio_103295,[loi extract],5BF361F4B75D,2,
bio_10329D,Trong tran Quan Do phan sang phe Tao Thao,F0C0F0D3F1F4F4D6F24EF1D3F248F1A6F168,9,
bio_103321,[loi extract],5BF361F4B75D,2,
bio_103329,Khi Gia Cat Luong bac phat nha Nguoi,F3D6F4A2F5B7F353F5EEF24AF2A6F2AE,8,
bio_103389,Nhung cuoi cung tin loi Duong Tong ban nuoc cau vinh,F26EF546F549F0EAF361F4BDF0DEF5EAF25EF5B5F05F,11,
bio_1033F9,[loi extract],5BF361F4B75D,2,
bio_103401,Nhung sau cam phuc Tao Thao nen quy thuan,F26EF1CDF5C0F1FCF1A6F168F2D0F1ECF148,9,
bio_103469,Nho khau tai ba cuon khien Tao Thao bo y dinh do,F273F3D8F1AEF5F0F545F3D1F1A6F168F5D1EFF3F4D7F4D5,12,
bio_1034E5,Sau kien tri giu Lac Thanh chong Luu Bi,F1CEF3BBF0CAF471F3AFF16AF564F351F5DF,9,
bio_103551,Ong than danh quan Vien Thieu tai truong,F257F16EF4F2F1F3F063F157F1AEF0B5,8,
bio_1035FF,[loi extract],5BF361F4B75D,2,
bio_103605,Tu khi Tao Thao khoi binh da theo ong,F0B3F3D5F1A6F168F3C7F5D3F4FDF15DF256,9,
bio_103699,Xu tu tat ca Tao Sang va nhung nguoi lien quan,EFFEF0B1F17EF5C8F1A6F1D4F074F26DF2ADF36EF1F3,11,
bio_1036E1,Bat buoc ong lam tho trong bay buoc,F5E5F5CCF256F3A8F153F0BEF5E3F5CC,8,
bio_103770,Tu Vien,F0B3F063,2,
bio_103775,Trong tran Quan Do dau hang Tao Thao,F0C0F0D3F1F4F4D6F4EBF460F1A6F168,8,
bio_1037E1,[loi extract],5BF361F4B75D,2,
bio_1037E9,Sau khi Dong Trac chet lien quan Ly Tac danh Truong An,F1CEF3D5F4CEF0D9F57BF36EF1F3F34EF1B1F4F2F0B6F5F6,12,
bio_103835,La mot trong nhung mu si noi tieng cua Tao Thao,F3B1F2E5F0BEF26DF2E4F1C7F265F0F3F54BF1A6F168,11,
bio_1038B5,Cung khien quan Vien Thieu thua o Quan Do va diet vong,F54AF3D1F1F3F063F157F14AF25BF1F4F4D6F074F4DBF058,12,
bio_10394D,[loi extract],5BF361F4B75D,2,
bio_103955,Cam thay ong gian xao lanh lung nen roi bo,F5C1F163F256F47BF04CF37CF356F2D0F1E0F5D1,10,
bio_1039F1,[loi extract],5BF361F4B75D,2,
bio_103A65,Va nhuong Xu Chau cho Luu Bi quan ly,F075F26BEFFEF5A6F56BF351F5DFF1F3F34D,9,
bio_103AA5,[loi extract],5BF361F4B75D,2,
bio_103AAD,Ban dau khong phuc Chu Du con tre,F5EBF4EBF3C4F1FCF562F4CAF551F0CF,8,
bio_103B21,[loi extract],5BF361F4B75D,2,
bio_103B29,Thuong lam su gia den Dong Ngo,F140F3A8F1BAF4A1F4E5F4CEF2BD,7,
bio_103B69,Cuoi cung bi Tao Thao ghen tuong ma chem dau,F547F549F5DEF1A6F168F4ACF0A5F34AF57CF4EB,10,
bio_103BEB,[loi extract],5BF361F4B75D,2,
bio_103BF1,Rat hieu ro cach danh tran cua Tao Thao,F1E4F451F1E1F5C3F4F2F0D3F54BF1A6F168,9,
bio_103C95,Luc Quan Vu bi vay Mai Thanh den Thuong Dung cau vien bi tu choi,F359F1F4F057F5DEF06BF348F16AF4E5F140F4C3F5B5F062F5DEF0B1F568,15,
bio_103CF9,Khi Luu Bi cung duong tan cung thi cuu giup ong,F3D6F351F5DFF549F4BCF1AAF549F15CF540F46FF256,11,
bio_103D65,Luc dau Luu Bi dinh nhan nuoi ong,F359F4EBF351F5DFF4D7F27EF25DF256,8,
bio_103DDD,[loi extract],5BF361F4B75D,2,
bio_103DE5,Nho thi hanh chinh nhan ai,F273F15CF45FF56EF27EF5F9,6,
bio_103E20,Luu Chuong,F351F558,2,
bio_103E25,Cuoi cung vi dan chung ma mo thanh dau hang,F547F549F067F4F6F55AF34AF2EDF169F4EBF460,10,
bio_103EA1,[loi extract],5BF361F4B75D,2,
bio_103EAC,Cung Thai Muu nam quyen thuc te Kinh Chau,F54AF173F2DDF2D9F1EAF145F179F3B7F5A6,9,
bio_103F19,[loi extract],5BF361F4B75D,2,
bio_103F21,Khong chiu dau hang quy huong bac tu an tu,F3C6F56DF4EBF460F1ECF3F0F5EEF0B1F5F5F0B1,10,
bio_103F9F,[loi extract],5BF361F4B75D,2,
bio_103FA5,Khi giao chien voi Luu Bi lap nhieu cong lon,F3D6F478F574F05CF351F5DFF37AF275F54FF360,10,
bio_103FDF,[loi extract],5BF361F4B75D,2,
bio_103FE5,Nen truoc khi chet K.M.Luong di chuc Tuong Hoan lam thua tuong,F2D1F0B7F3D5F57BF3E72EF34C2EF353F4E2F55CF0A7F448F3A8F14AF0A5,14,
bio_10404B,[loi extract],5BF361F4B75D,2,
bio_104051,Khien Tao Thao giet Thai Muu va thuy doc,F3D2F1A6F168F475F173F2DDF074F0FCF4D2,9,
bio_1040DC,Thai Muu,F173F2DD,2,
bio_104181,Gia Cat Can,F4A2F5B7F5BF,3,
bio_10418C,Tung nhieu lan lam su gia den Thuc Han,F0A9F275F3A3F3A8F1BAF4A1F4E5F146F463,9,
bio_10426D,[loi extract],5BF361F4B75D,2,
bio_104275,Sau khi Luu Bi chet duoc Gia Cat Luong trong dung,F1CEF3D5F351F5DFF57BF4BFF4A2F5B7F353F0BEF4C2,11,
bio_1042DD,Thuong cap cho Luu Bi nhieu tien bac,F140F5B8F56BF351F5DFF275F0F4F5EE,8,
bio_104329,La nguyen lao ba doi cua Dong Ngo,F3B1F2AAF37BF5F0F4D1F54BF4CEF2BD,8,
bio_104371,Tung cung Ma Dang tan cong Ly Tac o Truong An,F0A9F549F34BF4F5F1AAF54FF34EF1B1F25BF0B6F5F6,11,
bio_104405,[loi extract],5BF361F4B75D,2,
bio_10440D,Nhung sau bi Quan Vu mot dao giet tren ngua,F26EF1CDF5DEF1F4F057F2E5F4EFF475F0CDF2B1,10,
bio_104489,Vi bao thu cha ma giao chien voi Dong Ngo,F068F5E6F14CF5AFF34AF478F574F05CF4CEF2BD,10,
bio_1049A1,[loi extract],5BF361F4B75D,2,
bio_1049AB,Khong xam pham lan nhau,F3C6F04DF250F3A3F279,5,
bio_1049DA,[loi extract],5BF361F4B75D,2,
bio_1049EA,[loi extract],5BF361F4B75D,2,
bio_1049FA,[loi extract],5BF361F4B75D,2,
bio_104A0A,[loi extract],5BF361F4B75D,2,
bio_104A18,Lien minh dong minh,F36FF2EFF4CDF2EF,4,
bio_104A1D,[loi extract],5BF361F4B75D,2,
bio_104B4F,Gioi thieu nhan vat,F474F156F27EF06C,4,
bio_104B61,[loi extract],5BF361F4B75D,2,
bio_104BD5,Hay chon quan huyen muc tieu do tham,F45AF566F1F3F3EAF2E1F0EDF4D5F170,8,
bio_104C1B,[loi extract],5BF361F4B75D,2,
bio_104C82,Hay chon tuong phu trach tim kiem nhan tai,F45AF566F0A5F1FEF0D7F0ECF3BEF27EF1AE,9,
bio_104CAC,Chuyen trang,F555F0D1,2,
bio_104D40,Quan ta thieu luong thao,F1F4F1B2F156F352F167,5,
bio_104D71,Du suc chien lau dai voi dich tren nui rung,F4CAF1B7F574F379F4FAF05CF4E0F0CDF260F1DD,10,
bio_104DA9,Chi huy van quan tat co sai sot,F57AF3ECF071F1F3F17EF552F1D6F1BD,8,
bio_104DF0,Quan doi khong luyen tap,F1F4F4D1F3C4F34FF1A2,5,
bio_104E1B,Thanh nay sap giet ngua de an,F16AF2D3F1D0F475F2B1F4E7F5F5,7,
bio_104E8F,Ban chat khong phai viec than nen ban,F5EBF5A7F3C4F252F065F16EF2D0F5EA,8,
bio_104EF7,Neu minh cong cu mot tuong lam thai thu,F2CFF2EFF54FF54CF2E5F0A5F3A8F172F14C,9,
bio_104F47,Sai lam la goc re lam nuoc lung lay,F1D7F3A8F3B0F46EF1E2F3A8F25EF356F378,9,
bio_104F64,Nguoi nay chac khong phu mong doi cua chu cong,F2AEF2D3F5ADF3C4F1FEF2E7F4D1F54BF561F54F,10,
bio_104F7B,Neu dung nguoi nay nuoc chac loan,F2CFF4C2F2ADF2D3F25EF5ADF364,7,
bio_104F9B,Chac tuong si tan tam phuc vu,F5AEF0A5F1C7F1AAF1ACF1FCF056,7,
bio_104FD7,Tien co han tap quan vo dung,F0F5F552F462F1A2F1F3F05DF4C2,7,
city_0FCDA0,Huong Binh,F3F1F5D4,2,
city_0FCDA8,Bac Binh,F5EFF5D4,2,
city_0FCDB8,Tan Duong,F1ABF4BD,2,
city_0FCDC0,Nam Pi,F2DAF1F8,2,
city_0FCDC8,Binh Nguyen,F5D4F2AB,2,
city_0FCDD8,Bac Hai,F5EFF466,2,
city_0FCDE0,Phuc Duong,F1FDF4BD,2,
city_0FCDE8,Tran Luu,F0D4F351,2,
city_0FCDF0,Lac Duong,F3AFF4BD,2,
city_0FCDF8,Hong Nong,F3FCF264,2,
city_0FCE00,Truong An,F0B6F5F6,2,
city_0FCE08,An Dinh,F5F6F4D8,2,
city_0FCE10,Thien Thuy,F15BF0FD,2,
city_0FCE18,Tay Luong,F17CF353,2,
city_0FCE20,Ha Bi,F46AF5DF,2,
city_0FCE28,Tu Chau,F0B3F5A6,2,
city_0FCE38,Nhu Nam,F272F2DA,2,
city_0FCE48,Tan Da,F1ABF4FE,2,
city_0FCE50,Tuong Duong,F0A7F4BD,2,
city_0FCE58,Thuong Ung,F140F07E,2,
city_0FCE60,Giang Ha,F47AF46A,2,
city_0FCE68,Giang Lang,F47AF3A2,2,
city_0FCE70,Vo Lang,F05EF3A2,2,
city_0FCE78,Truong Sa,F0B6F1DB,2,
city_0FCE80,Quy Duong,F1EDF4BD,2,
city_0FCE88,Linh Lang,F36AF3A2,2,
city_0FCE90,Tho Xuan,F154EFFC,2,
city_0FCE98,Kien Nghiep,F3BCF2C0,2,
city_0FCEA8,Hoi Ke,F443F3E5,2,
city_0FCEB0,Lu Giang,F35DF47A,2,
city_0FCEB8,Sai Sang,F1D7F1D4,2,
city_0FCEC0,Han Trung,F463F0B9,2,
city_0FCEC8,Ha Ben,F46AF5E2,2,
city_0FCED0,Tu Dong,F0B3F4CE,2,
city_0FCED8,Thanh Do,F16AF4D6,2,
city_0FCEE0,Vinh An,F060F5F6,2,
city_0FCEE8,Giang Chau,F47AF5A6,2,
city_0FCEF0,Kien Ninh,F3BCF268,2,
city_0FCEF8,Van Nam,F072F2DA,2,
city_0FCF00,Nam Hai,F2DAF466,2,
city_0FCF08,Di Chau,F4E3F5A6,2,
city_0FCF28,Dong Phong,F4CEF242,2,
city_map_110DB8,Huong Binh,F3F1F5D4,2,
city_map_110E40,Bac Binh,F5EFF5D4,2,
city_map_110F50,Tan Duong,F1ABF4BD,2,
city_map_110FD8,Nam Pi,F2DAF1F8,2,
city_map_111060,Binh Nguyen,F5D4F2AB,2,
city_map_111170,Bac Hai,F5EFF466,2,
city_map_1111F8,Phuc Duong,F1FDF4BD,2,
city_map_111280,Tran Luu,F0D4F351,2,
city_map_111308,Lac Duong,F3AFF4BD,2,
city_map_111390,Hong Nong,F3FCF264,2,
city_map_111418,Truong An,F0B6F5F6,2,
city_map_1114A0,An Dinh,F5F6F4D8,2,
city_map_111528,Thien Thuy,F15BF0FD,2,
city_map_1115B0,Tay Luong,F17CF353,2,
city_map_111638,Ha Bi,F46AF5DF,2,
city_map_1116C0,Tu Chau,F0B3F5A6,2,
city_map_111748,Hu Xuong,F3F9EFF6,2,
city_map_111858,Nhu Nam,F272F2DA,2,
city_map_111968,Tan Da,F1ABF4FE,2,
city_map_1119F0,Tuong Duong,F0A7F4BD,2,
city_map_111A78,Thuong Ung,F140F07E,2,
city_map_111B00,Giang Ha,F47AF46A,2,
city_map_111B88,Giang Lang,F47AF3A2,2,
city_map_111C10,Vo Lang,F05EF3A2,2,
city_map_111C98,Truong Sa,F0B6F1DB,2,
city_map_111D20,Quy Duong,F1EDF4BD,2,
city_map_111DA8,Linh Lang,F36AF3A2,2,
city_map_111E30,Tho Xuan,F154EFFC,2,
city_map_111EB8,Kien Nghiep,F3BCF2C0,2,
city_map_111FC8,Hoi Ke,F443F3E5,2,
city_map_112050,Lu Giang,F35DF47A,2,
city_map_1120D8,Sai Sang,F1D7F1D4,2,
city_map_112160,Han Trung,F463F0B9,2,
city_map_1121E8,Ha Ben,F46AF5E2,2,
city_map_112270,Tu Dong,F0B3F4CE,2,
city_map_1122F8,Thanh Do,F16AF4D6,2,
city_map_112380,Vinh An,F060F5F6,2,
city_map_112408,Giang Chau,F47AF5A6,2,
city_map_112490,Kien Ninh,F3BCF268,2,
city_map_112518,Van Nam,F072F2DA,2,
city_map_1125A0,Nam Hai,F2DAF466,2,
city_map_112628,Di Chau,F4E3F5A6,2,
dialogue_105000,Hay mau chiem dan binh,F45AF2FAF576F4F6F5D3,5,
dialogue_105023,Them tru thue nang va cac khoan dong gop,F160F0BCF143F2D7F074F5C6F3CBF4CDF46C,9,
dialogue_105073,Quan ta se nhan vien tro lien tuc,F1F4F1B2F1C9F27EF062F0C3F36EF0AE,8,
dialogue_1050A5,La nguyen nhan song chet cua tam quan,F3B1F2AAF27EF1BEF57BF54BF1ACF1F3,8,
dialogue_1050E3,La chia khoa chien thang,F3B1F578F3CEF574F16B,5,
dialogue_105101,Dam lam nhu vay,F4F9F3A8F271F06B,4,
dialogue_105125,UNK,F07C,1,
dialogue_1051C8,Hay chon tuong dan quan xuat chinh,F45AF566F0A5F4F6F1F3EFFAF56E,7,
dialogue_10528B,So luong lua mang theo,F1C5F352F35BF343F15D,5,
dialogue_1052CC,Hay chon doi van chuyen luong thao,F45AF566F4D1F071F554F352F167,7,
dialogue_1052E8,Hay chi dinh tuong huan luyen quan,F45AF579F4D7F0A5F3F5F34FF1F3,7,
dialogue_105300,Hay chi dinh tuong van bu vat tu,F45AF579F4D7F0A5F071F5CDF06CF0B1,8,
dialogue_10531F,Toi da nhieu tuong,F0E2F4FDF275F0A5,4,
dialogue_105368,Hay chon vu khi muon che tao,F45AF566F056F3D5F2DEF57DF1A5,7,
dialogue_10537F,Tuong chiem binh,F0A7F576F5D3,3,
dialogue_105393,Tuong thuc hien muu binh,F0A7F145F453F2DCF5D3,5,
dialogue_1053B0,Hay chon tuong thuc hien the binh,F45AF566F0A5F145F453F161F5D3,7,
dialogue_1053CB,Chon tuong phan bo lai binh si,F567F0A5F24EF5D1F3ACF5D3F1C7,7,
dialogue_105418,Khong hieu ly tri tri quoc,F3C6F451F34DF0CAF0CAF1EE,6,
dialogue_105493,Sao co binh thua cho don dien,F1D2F552F5D3F14AF56BF4CFF4DD,7,
dialogue_1054B7,Sau vai nam duoc tram van ho lua,F1CEF073F2D9F4BFF0D5F071F44EF35B,8,
dialogue_1054EB,Hoa vat kho van xa,F44DF06CF3CFF071F04F,5,
dialogue_105519,Chac chan du tru quan nhu,F5AEF5ABF4C9F0BCF1F3F271,6,
dialogue_10554E,Khong thong chinh su,F3C6F14EF56EF1BA,4,
dialogue_105567,Co the tich tru quan luong lon,F553F161F0F6F0BCF1F3F352F360,7,
dialogue_105593,Dung tien thua sua thanh kho giu,F4C3F0F4F14AF1B9F169F3CFF471,7,
dialogue_1055BF,Ke dich kho long chiem,F3E5F4E0F3CFF35EF576,5,
dialogue_1055F5,Phat tan quan luong cuu dan luu lac,F24BF1AAF1F3F352F540F4F6F350F3AE,8,
dialogue_10561B,Dan la goc quoc gia,F4F7F3B0F46EF1EEF4A1,5,
dialogue_105634,Nay minh cong vi mot no gian hai dan chung,F2D4F2EFF54FF067F2E5F267F47BF465F4F6F55A,10,
dialogue_1056CB,Khoc kho dinh tue va thue cho dan,F3C9F3CFF4D7F0ADF074F143F56BF4F6,8,
dialogue_10574B,Luc nay mot ho lua den hang chuc van,F359F2D3F2E5F44EF35BF4E5F460F55CF071,9,
dialogue_105789,UNK,F07C,1,
dialogue_10579C,Tich luong chuan bi chien la thuong sach,F0F7F352F55EF5DEF574F3B0F0FEF1D8,8,
dialogue_1057B1,Ban lua de chuan bi quan tu,F5EBF35BF4E7F55EF5DEF1F3F0B1,7,
dialogue_1057C9,Chi dung vu khi phong thuong,F57AF4C2F056F3D5F241F0FE,6,
dialogue_1057E1,Kiem tang anh hung,F3BFF1A7F5F3F3F2,4,
dialogue_1057FE,Luc nay mua nu la khong sang,F359F2D3F2E2F262F3B0F3C4F1D3,7,
dialogue_105813,Muon ban xa phai cam nu luyen tap,F2DFF5EAF04FF252F5C0F262F34FF1A2,8,
dialogue_105848,Va muon lam lan nhu,F075F2DEF3A8F3A3F271,5,
dialogue_10586D,Day la ngua Dai Uyen tot cua Tay Vuc,F4EAF3B0F2B1F4FBF076F0DCF54BF17CF055,9,
dialogue_105899,Hay chi dinh tuong khai phat dat,F45AF579F4D7F0A5F3DDF24AF4ED,7,
dialogue_1058CD,Tuong phat trien,F0A7F24AF0C9,3,
dialogue_1058E5,Hay chon tuong tri thuy chong hong,F45AF566F0A5F0CAF0FCF564F3FB,7,
dialogue_105904,Hay chi dinh tuong day cung tuong,F45AF579F4D7F0A5F4E9F549F0A5,7,
dialogue_10593D,Hay chi dinh tuong thieu sat cuop pha,F45AF579F4D7F0A5F156F1CFF542F254,8,
dialogue_105987,Dieu chinh thue suat moi la,F4DAF56EF143F1B8F2EAF3B0,6,
dialogue_10599D,Hay chon hang hoa muon giao dich,F45AF566F460F44CF2DEF478F4E0,7,
dialogue_1059B8,Hay phai tuong mua lua,F45AF252F0A5F2E2F35B,5,
dialogue_1059DD,Hay chi dinh tuong mua vu khi tuong,F45AF579F4D7F0A5F2E2F056F3D5F0A5,8,
dialogue_1059F9,Hay chi dinh tuong mua nu tien,F45AF579F4D7F0A5F2E2F262F0F4,7,
dialogue_105A11,Hay chi dinh tuong mua ngua,F45AF579F4D7F0A5F2E2F2B1,6,
dialogue_105A2C,Loai ke xa lan kho thanh cong,F366F3E4F04FF3A3F3CFF169F54F,7,
dialogue_105A5F,Thanh su thi khong co tuong manh tro giup,F16AF1BAF15CF3C4F552F0A5F341F0C3F46F,9,
dialogue_105ABF,Chu ta dac mang thu mat den,F562F1B2F4FCF343F14CF2FCF4E5,7,
dialogue_105ADC,Dam do lo do thi tran ta,F4F9F4D5F367F4D5F15CF0D3F1B2,7,
dialogue_105AFD,UNK,F07C,1,
dialogue_105B13,Ke gian muon chia re hai ta,F3E5F47BF2DEF578F1E2F465F1B2,7,
dialogue_105B2D,Ta quyet khong lam viec bat nghia nay,F1B4F1E8F3C4F3A8F065F5E4F2C2F2D3,8,
dialogue_105B8C,Chu cong dung mot thu khich dong ho,F562F54FF4C2F2E5F14CF3D4F4CDF44E,8,
dialogue_105BE2,Quan than dong long,F1F4F16EF4CDF35E,4,
dialogue_105C17,Ngai co quan chung ngan dam,F2CCF552F1F3F55AF2CAF4F8,6,
dialogue_105C53,Ai theo ta o day,F5FAF15DF1B2F25BF4E9,5,
dialogue_105C87,Sao lam viec phan chu,F1D2F3A8F065F24EF561,5,
dialogue_105CA9,Tieu ky nay chac bi phat hien,F0EEF3B2F2D3F5ADF5DEF24AF453,7,
dialogue_105CDD,Ke nay se khien ke tu giet nhau,F3E5F2D3F1C9F3D1F3E4F0B1F475F279,8,
dialogue_105D0F,Neu thay cho yeu tren thu,F2CFF163F56BEFF0F0CDF14C,6,
dialogue_105DC5,Rat hay,F1E4F459,2,
dialogue_105DD3,Sao xoa lam roi het,F1D2F042F3A8F1E0F457,5,
dialogue_105DE9,UNK,F07C,1,
dialogue_105E01,Chac la ngai so ta biet chi tiet,F5AEF3B0F2CBF1C4F1B2F5D9F579F0EF,8,
dialogue_105E55,Tieu ky muon lua ta,F0EEF3B2F2DEF35BF1B2,5,
dialogue_105E70,Du tri da muu,F4CAF0CAF4FDF2DC,4,
dialogue_105E87,Tru di mot dai hoan trong long,F0BDF4E2F2E5F4FAF447F0BEF35E,7,
dialogue_105EB7,Nay mao hiem mang den bao cho tuong,F2D4F2FEF455F343F4E5F5E6F56BF0A5,8,
dialogue_105EF5,Phan tac vo le the,F24FF1B0F05DF376F161,5,
dialogue_105F09,Den truoc trai,F4E6F0B7F0D6,3,
dialogue_105F20,Ta muon ngai lam tien phong,F1B4F2DEF2CBF3A8F0F4F241,6,
dialogue_105F31,Chua luyen thuan thuc,F560F34FF148F145,4,
dialogue_105F4D,Neu quan ho luyen thuan,F2CFF1F3F44EF34FF148,5,
dialogue_105F7B,Ta sao trung ke,F1B4F1D1F0B8F3E4,4,
dialogue_105FD0,Minh cong khong can lo,F2F0F54FF3C4F5BEF367,5,
dialogue_106001,Ke nay kho thanh cong,F3E5F2D3F3CFF169F54F,5,
dialogue_10601F,Co the nhan co pha tuong thanh,F553F161F27EF552F254F0A5F169,7,
dialogue_106041,Ke kho nhu khong lua duoc ong,F3E5F3CFF271F3C4F35BF4BFF256,7,
dialogue_10606D,Can mot nguoi lam gia hang cho ta,F5BFF2E5F2ADF3A8F4A1F460F56BF1B2,8,
dialogue_10609D,Hon la hang de van toan,F3FEF3B0F460F4E7F071F0E4,6,
dialogue_1060ED,Ngai noi loi nay,F2CCF265F361F2D3,4,
dialogue_10612B,Nhung bat loi cho quan,F26EF5E4F361F56BF1F3,5,
dialogue_10615B,Khong xet mat quan vien,F3C6F047F2FCF1F3F062,5,
dialogue_10619D,Cung la tuong lon mot phuong,F54AF3B0F0A5F360F2E5F1F9,6,
dialogue_1061F4,Ta tu thuo doc binh thu,F1B4F0B1F142F4D2F5D3F14C,6,
dialogue_106213,Nhu tre con mong cha me,F272F0CFF551F2E7F5AFF2F7,6,
dialogue_10623B,Neu ngai lap dai cong,F2CFF2CBF37AF4FAF54F,5,
dialogue_106283,Dam treu choc ta,F4F9F0CCF56AF1B2,4,
dialogue_1062BB,Co dong gi cung bi ong biet,F553F4CDF4A3F549F5DEF256F5D9,7,
dialogue_1062FD,Day la ke phu do chou thao,F4EAF3B0F3E4F1FEF4D5F563F167,7,
dialogue_106339,Chac khong phuc vu minh cong,F5AEF3C4F1FCF056F2EFF54F,6,
dialogue_10635B,Mang mot tuong lam su,F344F2E5F0A5F3A8F1BA,5,
dialogue_106387,Tuong khong binh an,F0A7F3C4F5D3F5F5,4,
dialogue_106399,Nen khong dung tuong gioi quyet tu chien,F2D1F3C4F4C2F0A5F473F1E8F0B1F574,8,
dialogue_10645F,Theo loi ngai,F15EF361F2CB,3,
dialogue_10646B,Khong the bo roi,F3C6F161F5D1F1E0,4,
dialogue_106483,UNK,F07C,1,
dialogue_10649D,Chi can mot thu ket noi noi ung,F57AF5BEF2E5F14CF3E2F265F265F07D,8,
dialogue_1064DD,Nay la than phan phan tac,F2D4F3B0F16EF24EF24EF1B0,6,
dialogue_106537,Minh cong neu co hanh dong,F2F0F54FF2CEF552F45FF4CD,6,
dialogue_106567,Bi van dai nhuc nha,F5DFF071F4FAF26FF2A6,5,
dialogue_10659B,Di nay chac khong thanh,F4E3F2D3F5ADF3C4F169,5,
dialogue_1065C1,Thay mot sao tuong sap roi,F164F2E5F1D1F0A5F1D0F1E0,6,
dialogue_1065F5,UNK,F07C,1,
dialogue_106603,Ban cung o day,F5EBF549F25BF4E9,4,
dialogue_10661B,Chung ta theo lenh chu den lay mang ngai,F55BF1B2F15DF373F561F4E5F378F343F2CB,9,
dialogue_106647,Sao gia mao binh linh o day,F1D2F4A1F2FEF5D3F369F25BF4E9,7,
dialogue_106685,UNK,F07C,1,
dialogue_1066BE,UNK,F07C,1,
dialogue_1066E8,So binh si,F1C5F5D3F1C7,3,
dialogue_106706,UNK,F07C,1,
dialogue_10671C,Trang thai,F0D2F172,2,
dialogue_106799,Ten tai da,F178F1AEF4FD,3,
dialogue_1067A1,So quan chu,F1C5F1F3F561,3,
dialogue_106814,Bo cuoc,F5D2F548,2,
dialogue_10681A,Quyet dinh,F1E9F4D7,2,
dialogue_10686E,Loai bao vat,F366F5E6F06C,3,
dialogue_106895,Chua lien minh,F560F36EF2EF,3,
dialogue_1068A1,Lien minh cong thu,F36FF2EFF54FF14C,4,
dialogue_1068C3,Nguoi quan ly,F2AEF1F3F34D,3,
dialogue_1068FB,Chon hai quoc gia thuc hien,F567F465F1EEF4A1F145F453,6,
dialogue_10691A,Hay chon hai tuong lam mat su,F45AF566F465F0A5F3A8F2FCF1BA,7,
dialogue_1069ED,Quan huyen khu ho ton lang,F1F4F3EAF3C2F44EF0DFF37E,6,
dialogue_106A0D,Hay chon tuong thuc hien ke nay,F45AF566F0A5F145F453F3E4F2D3,7,
dialogue_106BA0,Hay chon tuong lam su thuc hien ke,F45AF566F0A5F3A8F1BAF145F453F3E4,8,
dialogue_106BCC,Gui thu gia den,F46BF14CF4A1F4E5,4,
dialogue_106C1C,Hay chon quan huyen giet nguoi dao,F45AF566F1F3F3EAF475F2ADF4EF,7,
dialogue_106CEB,Quan huyen hon nuoc mo ca,F1F4F3EAF3FDF25EF2EDF5C8,6,
dialogue_106D09,Thuc hien ke hon nuoc mo ca,F146F453F3E4F3FDF25EF2EDF5C8,7,
dialogue_106D4B,Hay chon quan huyen pha tuong,F45AF566F1F3F3EAF254F0A5,6,
dialogue_106DA9,Hay chon quan huyen ke kho nhu,F45AF566F1F3F3EAF3E4F3CFF271,7,
dialogue_106DC7,Tuong,F0A7,1,
dialogue_106DCF,Thuc hien ke kho nhu,F146F453F3E4F3CFF271,5,
dialogue_106E0C,Hay chon quan huyen dot luong,F45AF566F1F3F3EAF4CBF352,6,
dialogue_106E4F,Thuc hien ke dot luong,F146F453F3E4F4CBF352,5,
dialogue_106E6D,Quan huyen du do hang,F1F4F3EAF4C9F4D5F460,5,
dialogue_106E8A,Hay chon tuong muc tieu du do,F45AF566F0A5F2E1F0EDF4C9F4D5,7,
dialogue_106EA6,Hay chon tuong mat su thuc hien ke,F45AF566F0A5F2FCF1BAF145F453F3E4,8,
dialogue_106EEC,Du do hang thanh cong,F4CAF4D5F460F169F54F,5,
dialogue_106F05,Quan huyen ce phan,F1F4F3EAF5B0F24E,4,
dialogue_106F21,Tuong muc tieu ce phan,F0A7F2E1F0EDF5B0F24E,5,
dialogue_106F3D,Tuong mat su thuc hien ke,F0A7F2FCF1BAF145F453F3E4,6,
dialogue_106F84,Ce phan thanh cong,F5B1F24EF169F54F,4,
dialogue_106F9D,Quan huyen am sat,F1F4F3EAF5F7F1CF,4,
dialogue_106FB9,Tuong muc tieu am sat,F0A7F2E1F0EDF5F7F1CF,5,
dialogue_10700C,Thuc hien am sat,F146F453F5F7F1CF,4,
dialogue_1070D8,Quan huyen do may quan ly,F1F4F3EAF4D5F2F8F1F3F34D,6,
dialogue_107100,Nguoi nay khong tham tien,F2AEF2D3F3C4F170F0F4,5,
dialogue_10711F,Nguoi nay chac se di,F2AEF2D3F5ADF1C9F4E2,5,
dialogue_107135,Chu ta mang ngan vang tang tuong,F562F1B2F343F2CAF06FF1A7F0A5,7,
dialogue_10716D,Ta xin ra suc chon ngua,F1B4F044F1E5F1B7F566F2B1,6,
dialogue_1071B0,Nguoi nay nhu Lieu Ha Hue tai the,F2AEF2D3F271F36CF46AF3F4F1AEF161,8,
dialogue_1071D3,Dang mot my nhan de thu long,F4F5F2E5F2DBF27EF4E7F14CF35E,7,
dialogue_107213,Tren thien ha khong anh hung khac,F0CEF15AF469F3C4F5F3F3F2F3DF,7,
dialogue_107253,Chu ta muon giao nu nay lam thi,F562F1B2F2DEF478F262F2D3F3A8F15C,8,
dialogue_107289,Ta se bao on nhu cho ngua,F1B4F1C9F5E6F258F271F56BF2B1,7,
dialogue_1072A7,Nhung lo danh ti khong lap,F26EF367F4F2F0F8F3C4F37A,6,
dialogue_1072D1,Ngai muon dung mot con ngua du do,F2CCF2DEF4C2F2E5F551F2B1F4C9F4D5,8,
dialogue_1072F5,Ngai muon chiem thien ha,F2CCF2DEF576F15AF469,5,
dialogue_107311,Nay co ngua tot mot con,F2D4F552F2B1F0DCF2E5F551,6,
dialogue_107365,Se bao on the nao,F1CAF5E6F258F161F2D6,5,
dialogue_107381,Sao hom nay o duoi ke nhu,F1D2F440F2D3F25BF4BEF3E4F271,7,
dialogue_1073D8,Han khong gap chu,F463F3C4F4AEF561,4,
dialogue_1073E7,Chim tot chon cay ma dau,F571F0DCF566F5B2F34AF4EB,6,
dialogue_10744B,Nhu mia kho gap mua,F272F2F5F3CFF4AEF2E2,5,
dialogue_10748B,Chac khong bi lay chuyen,F5AEF3C4F5DEF378F554,5,
dialogue_1074A5,Chac noi duoc,F5AEF265F4BF,3,
dialogue_1074C1,Xin tang minh cong,F045F1A7F2EFF54F,4,
dialogue_1074E7,Ta sao khong het suc phuc vu,F1B4F1D1F3C4F457F1B7F1FCF056,7,
dialogue_107533,Von noi tieng co doc,F05BF265F0F3F552F4D2,5,
dialogue_107560,Minh cong nen tu den moi,F2F0F54FF2D0F0B1F4E5F2EA,6,
dialogue_1075A3,Ngai la nguoi trung nghia,F2CCF3B0F2ADF0B8F2C2,5,
dialogue_107600,Mong ong mo dau va cuu nan,F2E8F256F2EDF4EBF074F540F2D8,7,
dialogue_107665,Mong ong vi dan chung thien ha,F2E8F256F067F4F6F55AF15AF469,7,
dialogue_1076B5,Han chua gap anh hung,F463F55FF4AEF5F3F3F2,5,
dialogue_1076D5,Tuong sao bo ngoc tim da,F0A7F1D1F5D1F2B6F0ECF4FD,6,
dialogue_10770F,Chung khan co y kien gi,F55BF3DBF552EFF3F3BBF4A3,6,
dialogue_10772D,UNK,F07C,1,
dialogue_10774B,Day la dao thang binh gia,F4EAF3B0F4EFF16BF5D3F4A1,6,
dialogue_1077F9,Thu hai la pha giao,F14DF465F3B0F254F478,5,
dialogue_107825,Nen quan khong dinh ma loi toan,F2D1F1F3F3C4F4D7F34AF361F0E4,7,
dialogue_107891,Khong biet ke ma biet minh,F3C6F5D9F3E4F34AF5D9F2EF,6,
dialogue_1078DB,Nen tu bao toan ma thang het,F2D1F0B1F5E6F0E4F34AF16BF457,7,
dialogue_10794D,Quan thang tien chien sau moi danh,F1F4F16BF0F4F574F1CDF2EAF4F2,7,
dialogue_10799F,Quoc gia ma lam vui,F1EFF4A1F34AF3A8F053,5,
dialogue_1079C1,UNK,F07C,1,
dialogue_1079FD,Nay thoi tiet mua thu mat,F2D4F150F0EFF2E2F14CF2FC,6,
dialogue_107A4E,Mong quan thu nuoi quan,F2E8F1F3F14CF25DF1F3,5,
dialogue_107A91,Nay ke dich co khe ha,F2D4F3E4F4E0F552F3D7F469,6,
dialogue_107ABB,Nay neu tien quan gap,F2D4F2CEF0F4F1F3F4AE,5,
dialogue_107B05,Quan ta la doi quan luyen tap,F1F4F1B2F3B0F4D1F1F3F34FF1A2,7,
dialogue_107B57,Hon nua quan muon hy sinh,F3FEF261F1F3F2DEF3E8F1C6,6,
dialogue_107BF3,Nay chi nen tu bin nghi vu,F2D4F579F2D0F0B1F5D5F2C4F056,7,
dialogue_107C4D,Day la ke bao quoc,F4EAF3B0F3E4F5E6F1EE,5,
dialogue_107C93,Tuong van muon lam cuong,F0A7F071F2DEF3A8F543,5,
dialogue_107CED,Neu khong xet thoi ma tien,F2CFF3C4F047F150F34AF0F4,6,
dialogue_107D43,Ngai nen tu duc an dan,F2CCF2D0F0B1F4C6F5F5F4F6,6,
dialogue_107D93,Hom nay tuong lai muon xuat quan,F441F2D3F0A5F3ACF2DEEFFAF1F3,7,
dialogue_107DE1,Minh cong vi mot no ma dong quan,F2F0F54FF067F2E5F267F34AF4CDF1F3,8,
dialogue_107E3D,Tuong khong nen gian ma chien,F0A7F3C4F2D0F47BF34AF574,6,
dialogue_107E99,Ben chau de quan nhieu thi khong du,F5E2F5A3F4E7F1F3F275F15CF3C4F4C9,8,
dialogue_107F71,Nay lai dong binh lam loan dan,F2D4F3ACF4CDF5D3F3A8F364F4F6,7,
dialogue_107FE0,Cho co khe moi hanh dong,F56CF552F3D7F2EAF45FF4CD,6,
dialogue_108017,Ta muon on dinh lanh tho truoc,F1B4F2DEF258F4D7F37CF153F0B7,7,
dialogue_10804B,So dan loan khoi day,F1C5F4F6F364F3C7F4E9,5,
dialogue_108079,Nen van luong du phong,F2D1F071F352F4C9F241,5,
dialogue_1080AF,Nhung luong thao khong du,F26EF352F167F3C4F4C9,5,
dialogue_1080EB,Cho binh linh tan ra dong trai,F56CF5D3F369F1AAF1E5F4CDF0D6,7,
dialogue_108135,Ngai nghia duc den bon phuong,F2CCF2C2F4C6F4E5F5CEF1F9,6,
dialogue_108177,Day la uy luc chu cong,F4EAF3B0F077F358F561F54F,6,
dialogue_1081B5,Bon chau kho luong day lua,F5CFF5A3F3CFF352F4E9F35B,6,
dialogue_1081E7,Tu than gia quoc tri binh thien ha,F0B3F16EF4A1F1EEF0CAF5D3F15AF469,8,
dialogue_108228,Chung ta de la ke ngu don,F55BF1B2F4E7F3B0F3E4F2B4F4CF,7,
dialogue_108253,Khong co loi hay de dang chu cong,F3C6F552F361F459F4E7F4F4F561F54F,8,
dialogue_108285,Khong phai ke vo muu biet,F3C6F252F3E4F05DF2DCF5D9,6,
dialogue_1082B8,Chung khan trinh bay y kien,F55BF3DBF0C4F5E3EFF3F3BB,6,
dialogue_1082EF,Luu Bi la anh hung,F351F5DFF3B0F5F3F3F2,5,
dialogue_108311,Sao phai tri hoan,F1D2F252F0CAF447,4,
dialogue_108347,Sau se chet tay tieu nhan,F1CEF1C9F57BF17BF0EDF27E,6,
dialogue_10838D,Dien Phong cung ma pham thuong,F4DEF242F549F34AF250F0FE,6,
dialogue_108437,Cong Lo nhu xuong trong mo,F550F368F271EFF5F0BEF2ED,6,
dialogue_108453,Lu Bo nhu cho soi,F35DF5D2F271F56BF1C2,5,
dialogue_10847F,Chu cong neu khong thua de diet,F562F54FF2CEF3C4F14AF4E7F4DB,7,
dialogue_1084DC,Danh tac Han phu vuong that,F4F3F1B0F463F1FEF051F165,6,
dialogue_10850F,So mat nghia voi thien ha,F1C5F2FCF2C2F05CF15AF469,6,
dialogue_10853B,Hang ngay luyen binh,F461F2C8F34FF5D3,4,
dialogue_10857D,Chu cong khoi nghia an thien ha,F562F54FF3C7F2C2F5F5F15AF469,7,
dialogue_1085B7,Cac ngai tri hoan quan tam,F5C7F2CBF0CAF447F1F3F1AC,6,
dialogue_1085F6,Cho luc long day du,F56CF358F35EF4E9F4C9,5,
dialogue_108627,Huyen Duc von noi tieng anh hung,F3EBF4C7F05AF265F0F3F5F3F3F2,7,
dialogue_1086B7,Khac voi ke bi quan truoc,F3E0F05CF3E4F5DEF1F3F0B7,6,
dialogue_108721,Chac bo luong cuong ngua don vuong,F5AEF5D1F352F543F2B1F4CFF051,7,
dialogue_1087A5,Ton Sach o Giang Dong theo song,F0E0F1D9F25BF47AF4CEF15DF1BE,7,
dialogue_1087F9,Nay nhu ho chiem Ky Chau,F2D4F271F44EF576F3B3F5A6,6,
dialogue_108849,Lam ke dich bat loi,F3ABF3E4F4E0F5E4F361,5,
dialogue_1088B3,Lai co vien tuong Cuong,F3ADF552F062F0A5F544,5,
dialogue_1088DB,Hon nua co quan Cuong,F3FEF261F552F1F3F544,5,
dialogue_108905,Nguoi Kinh Chau goi mot trong Bat Tuan,F2AEF3B7F5A6F46DF2E5F0BEF5E5F0B0,8,
dialogue_108963,Khong phai ke tham loi bo nghia,F3C6F252F3E4F170F361F5D1F2C2,7,
dialogue_1089B3,Khong the dong quan lon lai,F3C6F161F4CDF1F3F360F3AC,6,
dialogue_108A17,Moi co the tien quan dai,F2EBF552F161F0F4F1F3F4FA,6,
dialogue_108A3F,Khong the khe dich,F3C6F161F3D7F4E0,4,
dialogue_108A63,Nhu ho them can,F272F44EF15FF5BE,4,
dialogue_108A8D,Ngai dung binh gioi,F2CCF4C2F5D3F473,4,
dialogue_108AB9,Khong the chien,F3C6F161F574,3,
dialogue_108AD9,Hon la cau hoa an dan,F3FEF3B0F5B5F44CF5F5F4F6,6,
dialogue_108B15,Ke vo dung,F3E5F05DF4C2,3,
dialogue_108B30,Hon nua tri chinh nhan la goc,F3FEF261F0CAF56EF27EF3B0F46E,7,
dialogue_108B5D,Thong binh phap,F14FF5D3F24C,3,
dialogue_108B95,Ta biet ong thuong bat man,F1B4F5D9F256F0FEF5E4F345,6,
dialogue_108BD7,Khong cho doc chuoc quyen,F3C6F56BF4D2F559F1EA,5,
dialogue_108BF9,Sao khong moi den,F1D2F3C4F2EAF4E5,4,
dialogue_108C19,Tron loan an minh o day,F0C1F364F5F5F2EFF25BF4E9,6,
dialogue_108C50,Tuong ta deu ve chu cong,F0A7F1B2F4E4F069F561F54F,6,
dialogue_108C73,Chac hy sinh bao on tri ngai,F5AEF3E8F1C6F5E6F258F0CAF2CB,7,
dialogue_108CA4,Xong dau rot mau khong lui,F041F4EBF1DEF2FAF3C4F357,6,
dialogue_108CDD,Anh tai thien ha ve chu cong,F5F4F1AEF15AF469F069F561F54F,7,
dialogue_108D27,Neu lam le tam cung tim tai,F2CFF3A8F376F1ACF549F0ECF1AE,7,
dialogue_108D60,Dong que khong tai dung,F4CEF1F0F3C4F1AEF4C2,5,
dialogue_108D89,Chu cong nen xet nhan dung tai,F562F54FF2D0F047F27EF4C2F1AE,7,
dialogue_108DC1,Chu cong thuong phat ro,F562F54FF0FEF24AF1E1,5,
dialogue_108DE3,Thuong hu thi quan oan,F140F3F8F15CF1F3F25A,5,
dialogue_108E03,La phap dien thien cu ac,F3B1F24CF4DDF15AF54CF5FB,6,
dialogue_108E3B,Hy sinh tan toan,F3E9F1C6F1AAF0E4,4,
dialogue_108E57,Khong vi mot nu ma hy sinh,F3C6F067F2E5F262F34AF3E8F1C6,7,
dialogue_108E7D,La tam phuc tuong manh chu cong,F3B1F1ACF1FCF0A5F341F561F54F,7,
dialogue_108EDA,Van tang ngua quy,F072F1A7F2B1F1EC,4,
dialogue_108F15,Chu cong sao tang bao vat,F562F54FF1D1F1A7F5E6F06C,6,
dialogue_108F3B,Dung si biet hy sinh vi gi,F4C3F1C7F5D9F3E8F1C6F067F4A3,7,
dialogue_108F5B,Giao cong chua cho nguoi nay,F479F54FF55FF56BF2ADF2D3,6,
dialogue_108F88,La anh tuong thoi dai,F3B1F5F3F0A5F150F4FA,5,
dialogue_108FC1,Nguoi nay chac sinh long phan,F2AEF2D3F5ADF1C6F35EF24E,6,
dialogue_108FDD,La minh chau nem toi,F3B1F2EFF5A3F2D2F0E1,5,
dialogue_10900B,La tai an bang dinh quoc,F3B1F1AEF5F5F5E8F4D7F1EE,6,
dialogue_10902F,Minh cong neu truc xuat,F2F0F54FF2CEF0BAEFFA,5,
dialogue_109061,UNK,F07C,1,
dialogue_10908B,Hon nua viec chua ro,F3FEF261F065F55FF1E1,5,
dialogue_1090B9,UNK,F07C,1,
dialogue_1090E5,Neu khong diet tan goc,F2CFF3C4F4DBF1AAF46E,5,
dialogue_109108,Hom nay khong giet tac,F441F2D3F3C4F475F1B0,5,
dialogue_109121,Giu ngai lam gi,F472F2CBF3A8F4A3,4,
dialogue_109143,UNK,F07C,1,
dialogue_109165,Cach trieu chieu,F5C5F0C7F572,3,
dialogue_10918F,Quan huyen trieu chieu tuong,F1F4F3EAF0C7F572F0A5,5,
dialogue_1091AC,Khong tuong tai da,F3C6F0A5F1AEF4FD,4,
dialogue_1091BF,Tuong trieu chieu,F0A7F0C7F572,3,
dialogue_1091D5,UNK,F07C,1,
dialogue_1091EF,Hay nhap so vang tang,F45AF27CF1C4F06FF1A7,5,
dialogue_1092AA,Quyet khong phuc vu,F1E9F3C4F1FCF056,4,
dialogue_1092CC,Trieu chieu that bai,F0C8F572F165F5EC,4,
dialogue_109317,Dung sac du do,F4C3F1DAF4C9F4D5,4,
dialogue_1093B4,Trong quan khong co ma quy,F0C0F1F3F3C4F552F34AF1EC,6,
dialogue_109474,Chu cong khong co bao vat,F562F54FF3C4F552F5E6F06C,6,
dialogue_10948F,Hay chon bao vat tang,F45AF566F5E6F06CF1A7,5,
dialogue_10958C,Khong tuong hop de trieu,F3C6F0A5F3FAF4E7F0C7,5,
dialogue_1095BC,Thuyet phuc bang dai nghia,F0FBF1FCF5E8F4FAF2C2,5,
dialogue_109650,Hay chon quan thay quan chuc,F45AF566F1F3F163F1F3F55C,6,
dialogue_109668,Hay chon tuong thay quan chuc,F45AF566F0A5F163F1F3F55C,6,
dialogue_109684,Hay chon quan chuc muon thay,F45AF566F1F3F55CF2DEF163,6,
dialogue_1096D8,Tong tuong chua du sau nguoi,F0DEF0A5F55FF4C9F1CDF2AD,6,
dialogue_109704,Hay chon chu de hoi nghi,F45AF566F561F4E7F442F2C4,6,
dialogue_10971D,UNK,F07C,1,
dialogue_109738,Ke nay khong thuc hien duoc,F3E5F2D3F3C4F145F453F4BF,6,
dialogue_10978D,UNK,F07C,1,
dialogue_109796,Hay chon quoc gia thao luan,F45AF566F1EEF4A1F167F35A,6,
dialogue_10989C,Hay chon quan huyen thuong tuong,F45AF566F1F3F3EAF0FEF0A5,6,
dialogue_1098CE,Hay nhap so vang thuong,F45AF27CF1C4F06FF0FE,5,
dialogue_1099E0,Chu cong khong con cong chua,F562F54FF3C4F551F54FF55F,6,
dialogue_109A1A,Hay chon tuong cuoi cong chua,F45AF566F0A5F546F54FF55F,6,
dialogue_109A37,Giao cong chua cho,F479F54FF55FF56B,4,
dialogue_109A54,Hay chon cach xu phat,F45AF566F5C3EFFDF24A,5,
dialogue_109A67,Hay chon quan huyen xu tuong,F45AF566F1F3F3EAEFFDF0A5,6,
dialogue_109A9D,Hay chon bao vat tru,F45AF566F5E6F06CF0BC,5,
dialogue_109AF0,Hay chon quan huyen truc xuat,F45AF566F1F3F3EAF0BAEFFA,6,
dialogue_109B0C,Hay chon tuong truc xuat,F45AF566F0A5F0BAEFFA,5,
dialogue_109B32,Quan huyen truc dau tuong,F1F4F3EAF0BAF4EBF0A5,5,
dialogue_109B4D,UNK,F07C,1,
dialogue_109B80,Da bi truc dau thi chung,F4FEF5DEF0BAF4EBF15CF55A,6,
dialogue_109BC4,La ca trong dao ta,F3B1F5C8F0BEF4EFF1B2,5,
dialogue_109BFB,Hai nuoc hop thi co loi,F466F25EF3FAF15CF552F361,6,
dialogue_109C5F,May man khong lam mat mang,F2F9F345F3C4F3A8F2FCF343,6,
dialogue_109C74,Am muu ta rat gan,F5F8F2DCF1B2F1E3F4AF,5,
dialogue_109C8B,Tin nghia noi tieng chu hau,F0EBF2C2F265F0F3F561F45B,6,
dialogue_109CD7,Minh cong nen tan cong gap,F2F0F54FF2D0F1AAF54FF4AE,6,
dialogue_109CF9,La uy luc chu cong,F3B1F077F358F561F54F,5,
dialogue_109D11,Loai bo tin nghia,F366F5D1F0EAF2C2,4,
dialogue_109D31,Thieu mot nguoi bien thien,F157F2E5F2ADF5DBF15A,5,
dialogue_109D7B,Khong thuyet phuc duoc,F3C6F0FAF1FCF4BF,4,
dialogue_109D95,Mang mot tuong dan quan tro,F344F2E5F0A5F4F6F1F3F0C3,6,
dialogue_109DAF,Thay nuoc lang co nan,F164F25EF37EF552F2D8,5,
dialogue_109DD5,Nuoc ta tich o lau,F25FF1B2F0F6F25BF379,5,
dialogue_109E0D,Giup vang va luong,F470F06FF074F352,4,
dialogue_109E21,Khong muon cho luong,F3C6F2DEF56BF352,4,
dialogue_109E37,Mang tuong dan quan pha la thuong,F344F0A5F4F6F1F3F254F3B0F0FE,7,
dialogue_109E75,Chu hau khong dam nhin ta,F562F45BF3C4F4F8F274F1B2,6,
dialogue_109EA4,Vui ve chap nhan,F054F069F5A9F27E,4,
dialogue_109EB1,Chu cong sao khong danh,F562F54FF1D1F3C4F4F2,5,
dialogue_109EDD,Can gi cho luong ke,F5BFF4A3F56BF352F3E4,5,
dialogue_109F0D,Hon la dung ke nhuu nhu,F3FEF3B0F4C2F3E4F26AF271,6,
dialogue_109F62,Chon ngay hoi le,F567F2C8F442F376,4,
dialogue_109F7B,Khong xung mong chu cong,F3C6EFF7F2E7F561F54F,5,
dialogue_109F93,Hon la dung phap nhuu nhu,F3FEF3B0F4C2F24CF26AF271,6,
dialogue_109FC7,Nay nhu chim bi ban,F2D4F271F570F5DEF5EA,5,
dialogue_109FF9,Qua nhu mong muon,F1F6F271F2E7F2DE,4,
dialogue_10A011,UNK,F07C,1,
dialogue_10A047,Tot cua tot,F0DDF54BF0DC,3,
dialogue_10A065,De cuu mang dan mot quan,F4E8F540F343F4F6F2E5F1F3,6,
dialogue_10A0A1,Hai quan chi gap tren chien truong,F466F1F3F579F4AEF0CDF574F0B5,7,
dialogue_10A0CF,Quyet khong hoa,F1E9F3C4F44C,3,
dialogue_10A0E7,Nen gia lenh Thien tu,F2D1F4A1F373F15BF0B1,5,
dialogue_10A13B,Lien hai ben ngung chien,F36FF465F5E1F2AFF574,5,
dialogue_10A167,Khong nghe khuyen,F3C6F2C6F3C0,3,
dialogue_10A183,Bo mot ke vo muu,F5D2F2E5F3E4F05DF2DC,5,
dialogue_10A1C9,Tra ve nuoc ta,F0DBF069F25EF1B2,4,
dialogue_10A1DF,Khong the chuoc,F3C6F161F559,3,
dialogue_10A201,Quoc gia lien minh,F1EFF4A1F36EF2EF,4,
dialogue_10A219,Tuong lam su,F0A7F3A8F1BA,3,
dialogue_10A238,Hay nhap thoi han lien minh,F45AF27CF150F462F36EF2EF,6,
dialogue_10A311,UNK,F07C,1,
dialogue_10A35C,Hay chon quan huyen hop tan,F45AF566F1F3F3EAF3FAF1AA,6,
dialogue_10A3E0,Hay chon vat tu vien tro,F45AF566F06CF0B1F062F0C3,6,
dialogue_10A3F8,Hay nhap vien tro,F45AF27CF062F0C3,4,
dialogue_10A4C4,Hay chon quoc gia lien hon,F45AF566F1EEF4A1F36EF3FD,6,
dialogue_10A587,Quoc gia tien cong,F1EFF4A1F0F4F54F,4,
dialogue_10A5A0,Hay chon vat tu tien cong,F45AF566F06CF0B1F0F4F54F,6,
dialogue_10A611,UNK,F07C,1,
dialogue_10A67C,Hay chon quoc gia ep buoc,F45AF566F1EEF4A1F4B8F5CC,6,
dialogue_10A691,Vat tu yeu cau,F06DF0B1EFF0F5B5,4,
dialogue_10A6AB,Ep yeu cau,F4B9EFF0F5B5,3,
dialogue_10A7E0,Hay chon quoc gia hang phuc,F45AF566F1EEF4A1F460F1FC,6,
dialogue_10A8E5,UNK,F07C,1,
dialogue_10A9B8,Uy tin quoc gia ton hai,F078F0EAF1EEF4A1F0DFF465,6,
dialogue_10A9D4,Hay chon quoc gia trao tu,F45AF566F1EEF4A1F0D0F0B1,6,
dialogue_10AA0C,Hay chon tuong tu bin tra,F45AF566F0A5F0B1F5D5F0DA,6,
dialogue_10AA27,Hay chon dieu kien trao doi,F45AF566F4D9F3BBF0D0F4D1,6,
dialogue_10AA5D,Tuong tu bin dich tra,F0A7F0B1F5D5F4E0F0DA,5,
dialogue_10AA7D,UNK,F07C,1,
dialogue_10AB84,Co quyet che tao khong,F553F1E8F57DF1A5F3C4,5,
dialogue_10AC15,Co quyet thuc hien khong,F553F1E8F145F453F3C4,5,
dialogue_10AC3E,Kho luong trong rong,F3D0F352F0BEF1DF,4,
dialogue_10AD37,Hay chon vu khi muon mua,F45AF566F056F3D5F2DEF2E2,6,
dialogue_10ADE8,Khong du vang mua nu tien,F3C6F4C9F06FF2E2F262F0F4,6,
dialogue_10AE5C,Khong du vang mua ngua,F3C6F4C9F06FF2E2F2B1,5,
dialogue_10AE8C,Khong con thanh nien tot,F3C6F551F169F269F0DC,5,
dialogue_10AEF0,tan binh,F1AAF5D3,2,
dialogue_10AF10,Co quyet chiem binh khong,F553F1E8F576F5D3F3C4,5,
dialogue_10AF2D,UNK,F07C,1,
dialogue_10AF9A,Chiem binh,F577F5D3,2,
dialogue_10AFBC,Co quyet muu binh khong,F553F1E8F2DCF5D3F3C4,5,
dialogue_10B025,Ngua,F2B2,1,
dialogue_10B03C,Nu binh,F263F5D3,2,
dialogue_10B046,Lien nu,F36FF262,2,
dialogue_10B052,Hay chon loai binh tai bien,F45AF566F365F5D3F1AEF5DB,6,
dialogue_10B06C,Hay nhap so binh tai bien,F45AF27CF1C4F5D3F1AEF5DB,6,
dialogue_10B0A1,Hay chon quan huyen dich,F45AF566F1F3F3EAF4E0,5,
dialogue_10B0C4,Hay chon muc van bu,F45AF566F2E1F071F5CD,5,
dialogue_10B0F1,UNK,F07C,1,
dialogue_10B111,Khong co vang trong,F3C6F552F06FF0BE,4,
dialogue_10B128,Nhap van chuyen,F27DF071F554,3,
dialogue_10B179,Khong co ngua trong,F3C6F552F2B1F0BE,4,
dialogue_10B18D,Nhap van chuyen,F27DF071F554,3,
dialogue_10B1C1,UNK,F07C,1,
dialogue_10B1E4,Khong co lien nu,F3C6F552F36EF262,4,
dialogue_10B215,Khong co phat da xe,F3C6F552F24AF4FDF048,5,
dialogue_10B24B,Khong co xe xung,F3C6F552F048EFF7,4,
dialogue_10B2B1,Khong co can lan,F3C6F552F5BEF3A3,4,
dialogue_10B2E5,Khong co nguyen vu,F3C6F552F2AAF056,4,
dialogue_10B394,Hon la theo minh chu khac,F3FEF3B0F15DF2EFF561F3DF,6,
dialogue_10B3C9,Nghe tieng dung truong tuong,F2C7F0F3F4C2F0B5F0A5,5,
dialogue_10B417,Chua gap ai nhu minh cong,F560F4AEF5F9F271F2EFF54F,6,
dialogue_10B467,Minh cong chi tai nap si,F2F0F54FF579F1AEF2D5F1C7,6,
dialogue_10B484,Mua lon,F2E3F360,2,
dialogue_10B499,UNK,F07C,1,
dialogue_10B4B1,Vi ly,F068F34D,2,
dialogue_10B4B9,UNK,F07C,1,
dialogue_10B4C3,Giam mieng,F47DF2F3,2,
dialogue_10B4CB,Giam nghiep,F47DF2BE,2,
dialogue_10B4D3,UNK,F07C,1,
dialogue_10B4E3,Si khi tang,F1C8F3D5F1A7,3,
dialogue_10B4F3,Vang,F070,1,
dialogue_10B4FC,Tang luong,F1A9F352,2,
dialogue_10B514,Bao vat,F5E7F06C,2,
dialogue_10B533,Dai nghiep thanh cong mong xuan,F4FBF2BEF169F54FF2E7EFFB,6,
dialogue_10B553,Ngai thong nhat thien ha,F2CCF14EF27AF15AF469,5,
dialogue_10B7FA,Quan xay bao loan,F1F4F04AF5E6F364,4,
dialogue_10B81F,Tri do giam,F0CBF4D5F47C,3,
dialogue_10B9DC,Khong co ton hai,F3C6F552F0DFF465,4,
dialogue_10BAB7,Chi tieu luong quan quan,F57AF0EDF352F1F3F1F3,5,
dialogue_10BAD4,Tri do la,F0CBF4D5F3B0,3,
dialogue_10BB3B,Don dien thieu hut,F4D0F4DDF156F3EF,4,
dialogue_10BB58,Don dien binh an,F4D0F4DDF5D3F5F5,4,
dialogue_10BB72,Don dien thu hoach,F4D0F4DDF14CF44A,4,
dialogue_10BC1C,Quan thu tang,F1F4F14CF1A7,3,
dialogue_10BC88,Do huan luyen tang,F4D6F3F5F34FF1A7,4,
dialogue_10BCB2,Van chuyen tren duong,F072F554F0CDF4BC,4,
dialogue_10BD48,Moi duoc tan binh,F2EBF4BFF1AAF5D3,4,
dialogue_10BDF4,Hoan thanh,F448F169,2,
dialogue_10BE06,UNK,F07C,1,
dialogue_10BE50,Nong nghiep tang,F264F2BEF1A7,3,
dialogue_10BE62,Gat nuoc ma gieo,F4ADF25EF34AF476,4,
dialogue_10BE77,Ket thuc don dien,F3E3F145F4CFF4DD,4,
dialogue_10BEA0,Thuong nghiep tang,F140F2BEF1A7,3,
dialogue_10BECC,Chong hong tang,F565F3FBF1A7,3,
dialogue_10BF5C,Gui cho quan chu,F46BF56BF1F3F561,4,
dialogue_10BF75,UNK,F07C,1,
dialogue_10BFAE,Kho lua tang,F3D0F35BF1A7,3,
dialogue_10BFC0,Lua giam,F35CF47C,2,
dialogue_10BFFB,Da mua nu tien,F4FEF2E2F262F0F4,4,
dialogue_10C00C,Da mua ngua tot,F4FEF2E2F2B1F0DC,4,
dialogue_10C234,Ha a,F46AF5FC,2,
dialogue_10C23C,Neu bo kiem ngay,F2CFF5D1F3BEF2C8,4,
dialogue_10C274,Day la y troi,F4EAF3B0EFF3F0C2,4,
dialogue_10C28F,Dam danh 300 hoi,F4F9F4F2F5FDF442,4,
dialogue_10C2B3,Ngai chi co tai nay,F2CCF579F552F1AEF2D3,5,
dialogue_10C2DF,Khong lay dau ngai,F3C6F378F4EBF2CB,4,
dialogue_10C321,Ky thua nhan,F3B3F14AF27E,3,
dialogue_10C33C,Muon di,F2DFF4E2,2,
dialogue_10C345,Ta mot ten,F1B4F2E5F177,3,
dialogue_10C353,Khong biet la ke,F3C6F5D9F3B0F3E4,4,
dialogue_10C451,Phai vay,F253F06B,2,
dialogue_10C45B,Dam xam bien gioi,F4F9F04DF5DBF473,4,
dialogue_10C473,Den lay dau ngai,F4E6F378F4EBF2CB,4,
dialogue_10C483,UNK,F07C,1,
dialogue_10C48F,Bao ten truoc,F5E7F177F0B7,3,
dialogue_10C4C5,Tra but,F0DBF5CB,2,
dialogue_10C4D3,O day,F25CF4E9,2,
dialogue_10C4DD,Bi danh lua,F5DFF4F2F35B,3,
dialogue_10C4E9,Ngua bi troi,F2B2F5DEF0C2,3,
dialogue_10C4FB,Tuong vo danh,F0A7F05DF4F2,3,
dialogue_10C515,Van co chap ngo,F072F552F5A9F2BA,4,
dialogue_10C533,Sao noi bao,F1D2F265F5E6,3,
dialogue_10C549,Dam noi loan,F4F9F265F364,3,
dialogue_10C564,Ke tro ac,F3E5F0C3F5FB,3,
dialogue_10C57C,Loai chuot nhat,F366F557F27A,3,
dialogue_10C594,Phan tac hang ha,F24FF1B0F460F469,4,
dialogue_10C5A3,Sao khong hang som,F1D2F3C4F460F1C1,4,
dialogue_10C5B9,UNK,F07C,1,
dialogue_10C5CC,Ke phu dung cuong,F3E5F1FEF4C2F543,4,
dialogue_10C5DB,UNK,F07C,1,
dialogue_10C600,Ta quyet giet ngai,F1B4F1E8F475F2CB,4,
dialogue_10C60B,Co gi ke,F553F4A3F3E4,3,
dialogue_10C621,UNK,F07C,1,
dialogue_10C634,O dau,F25CF4EB,2,
dialogue_10C765,Chay mat,F5A2F2FC,2,
dialogue_10C790,Chi cong chet som,F57AF54FF57BF1C1,4,
dialogue_10C7C7,Bi kinh hoang,F5DFF3B4F445,3,
dialogue_10C984,Ca toc mai vao lich su,F5C9F0E3F347F06EF370F1BA,6,
dialogue_10CBBF,Bi khich dong phan,F5DFF3D4F4CDF24E,4,
dialogue_10CF4D,Hung 11,F3F3F5FE,2,
dialogue_10CF55,Muoi hai,F2E0F465,2,
dialogue_10CF5D,Thuong tinh,F140F0E8,2,
dialogue_10CF73,UNK,F07C,1,
dialogue_10CF79,Tau bac,F17DF5EE,2,
dialogue_10CF8C,Dong nam,F4CEF2D9,2,
dialogue_10CF97,Viec ngai hua voi chu ta,F066F2CBF3F6F05CF561F1B2,6,
dialogue_10CFC5,Ai theo ta cung chet,F5FAF15DF1B2F549F57B,5,
dialogue_10D033,Anh hung bon phuong cung tao dai nghiep,F5F4F3F2F5CEF1F9F549F1A5F4FAF2BE,8,
dialogue_10D0B3,Nhu tan may thay troi,F272F1AAF2F8F163F0C2,5,
dialogue_10D0F4,Ai dam quyet tu voi ta,F5FAF4F8F1E8F0B1F05CF1B2,6,
dialogue_10D107,Den lay mang ngai,F4E6F378F343F2CB,4,
dialogue_10D117,Khong xung giao thu,F3C6EFF7F478F14C,4,
dialogue_10D131,Dai ngu,F4FBF2B4,2,
dialogue_10D192,Rut lui toan quan,F1DCF357F0E4F1F3,4,
dialogue_10D1AB,UNK,F07C,1,
dialogue_10D1B5,UNK,F07C,1,
dialogue_10D1C2,UNK,F07C,1,
dialogue_10D1F4,Khong the nghi duong,F3C6F161F2C4F4BC,4,
dialogue_10D274,Khong the khich si khi,F3C6F161F3D4F1C7F3D5,5,
dialogue_10D375,Vi tri bo doi,F068F0CAF5D1F4D1,4,
dialogue_10D38B,Vi tri cong thanh,F068F0CAF54FF169,4,
dialogue_10D3C8,Vat tu,F06DF0B1,2,
dialogue_10D3E8,Tran hinh,F0D4F450,2,
dialogue_10D42F,UNK,F07C,1,
dialogue_10D437,UNK,F07C,1,
dialogue_10D4A3,Binh chay chet het,F5D4F57EF57BF457,4,
dialogue_10D50B,Binh chay het,F5D4F57EF457,3,
dialogue_10D5FF,Leo tuong cong thanh,F372F0A5F54FF169,4,
dialogue_10D611,Dung van ti leo tuong,F4C3F071F0F8F371F0A5,5,
dialogue_10D641,Tan cong doi dich lien,F1ABF54FF4D1F4E0F36E,5,
dialogue_10D65F,Hay chon doi dich tan cong,F45AF566F4D1F4E0F1AAF54F,6,
dialogue_10D677,Hay chon doi dich ban,F45AF566F4D1F4E0F5EA,5,
dialogue_10D7A1,Ke hoa tan that bai,F3E5F44CF1AAF165F5EC,5,
dialogue_10D918,Quan da toan quan phuc,F1F4F4FDF0E4F1F3F1FC,5,
dialogue_10D973,Xe phat da bi pha,F049F24AF4FDF5DEF254,5,
dialogue_10D98B,Xe xung bi pha,F049EFF7F5DEF254,4,
dialogue_10D9A2,Van ti bi pha,F072F0F8F5DEF254,4,
dialogue_10D9BC,Can lan bi pha,F5BFF3A3F5DEF254,4,
dialogue_10D9D1,UNK,F07C,1,
dialogue_10D9E5,Nha pai bi pha,F2A7F255F5DEF254,4,
dialogue_10D9F9,Xa le bi pha,F050F376F5DEF254,4,
dialogue_10DA9F,Ce phan du do hang,F5B1F24EF4C9F4D5F460,5,
dialogue_10DAD5,Ke nay can vang,F3E5F2D3F5BEF06F,4,
dialogue_10DAF8,Quan tu khong du,F1F4F0B1F3C4F4C9,4,
dialogue_10DB15,Can vat lieu vang,F5BFF06CF36BF06F,4,
dialogue_10DB80,Dot luong cuop luong,F4CCF352F542F352,4,
dialogue_10DBC7,Ke moai thanh cong,F3E5F2ECF169F54F,4,
dialogue_10DBEF,Ke dot luong bi phat,F3E5F4CBF352F5DEF24A,5,
dialogue_10DC17,Cho gian xam tham,F56CF47BF04DF170,4,
dialogue_10DC43,Truyen tin ac,F0B4F0EAF5FB,3,
dialogue_10DC68,Tin ac trong dich trai,F0EBF5FBF0BEF4E0F0D6,5,
dialogue_10DD50,Mat tham thu tin dich,F2FDF170F14CF0EAF4E0,5,
dialogue_10DD6D,UNK,F07C,1,
dialogue_10DDDB,UNK,F07C,1,
dialogue_10DE14,Tran hinh bo doi,F0D4F450F5D1F4D1,4,
dialogue_10DE70,Quyet truc dau khong,F1E9F0BAF4EBF3C4,4,
dialogue_10DE83,Bi giam trong nguc,F5DFF47CF0BEF2B0,4,
dialogue_10DE98,Quyet tha khong,F1E9F176F3C4,3,
dialogue_10DEAB,Da duoc tha,F4FEF4BFF176,3,
dialogue_10DEBA,Bi truc dau thi chung,F5DFF0BAF4EBF15CF55A,5,
menu_0FE01F,[loi extract],5BF361F4B75D,2,
menu_0FE033,Dien Phong,F4DEF242,2,
menu_0FE08F,Chu Du,F562F4CA,2,
menu_0FE095,[loi extract],5BF361F4B75D,2,
menu_0FE0C7,[loi extract],5BF361F4B75D,2,
menu_0FE123,[loi extract],5BF361F4B75D,2,
menu_0FE133,Ky Van,F3B3F072,2,
menu_0FE157,Cat Mieu,F5B7F2F1,2,
menu_0FE15D,[loi extract],5BF361F4B75D,2,
menu_0FE163,[loi extract],5BF361F4B75D,2,
menu_0FE183,Tuy Cao,F0A4F5BB,2,
menu_0FE193,Ha Uyen,F46AF076,2,
menu_0FE1A5,[loi extract],5BF361F4B75D,2,
menu_0FE1DF,Tu Vien,F0B3F063,2,
menu_0FE1E7,Khong Huu,F3C6F3EE,2,
menu_0FE1FB,Lu Bo,F35DF5D2,2,
menu_0FE213,Gia Cat Khac,F4A2F5B7F3E0,3,
menu_0FE25D,[loi extract],5BF361F4B75D,2,
menu_0FE263,Vien Dam,F063F4F9,2,
menu_0FE269,[loi extract],5BF361F4B75D,2,
menu_0FE2BB,[loi extract],5BF361F4B75D,2,
menu_0FE2C1,[loi extract],5BF361F4B75D,2,
menu_0FE2E5,Ly Que,F34EF1F1,2,
menu_0FE313,Luc Tich,F359F0F7,2,
menu_0FE333,Sa Ma Kha,F1DBF34BF3E1,3,
menu_0FE35B,[loi extract],5BF361F4B75D,2,
menu_0FE367,[loi extract],5BF361F4B75D,2,
menu_0FE36D,[loi extract],5BF361F4B75D,2,
menu_0FE387,Do Tu Dai Vuong,F4D6F0B3F4FBF052,4,
menu_0FE391,Dien Vi,F4DEF068,2,
menu_0FE3B3,[loi extract],5BF361F4B75D,2,
menu_0FE3C9,[loi extract],5BF361F4B75D,2,
menu_0FE3D3,Chu Thai,F562F173,2,
menu_0FE3D9,[loi extract],5BF361F4B75D,2,
menu_0FE3E3,[loi extract],5BF361F4B75D,2,
menu_0FE3FB,Phap Chinh,F24DF56F,2,
menu_0FE419,[loi extract],5BF361F4B75D,2,
menu_0FE45B,[loi extract],5BF361F4B75D,2,
menu_0FE467,Phi Y,F247EFF4,2,
menu_0FE48B,Chuong Tu,F558F0B3,2,
menu_0FE491,Tong Du,F0DEF4CA,2,
menu_0FE4CF,Tuong Vi,F0A7F068,2,
menu_0FE4DB,[loi extract],5BF361F4B75D,2,
menu_0FE509,[loi extract],5BF361F4B75D,2,
menu_0FE52B,Ma Tieu,F34BF0EE,2,
menu_0FE543,Phu nhan Chuc Dung,F240F27EF55DF4C3,4,
menu_0FE55F,[loi extract],5BF361F4B75D,2,
menu_0FE56B,[loi extract],5BF361F4B75D,2,
menu_0FE571,[loi extract],5BF361F4B75D,2,
menu_0FE587,[loi extract],5BF361F4B75D,2,
menu_0FE5B1,[loi extract],5BF361F4B75D,2,
menu_0FE5BF,Chau Thu,F5A6F14D,2,
menu_0FE5CD,Vuong Lang,F052F3A2,2,
menu_0FE5D7,Ha Hau Don,F46AF45CF4D0,3,
menu_0FE5DF,Ha Hau Uyen,F46AF45CF076,3,
menu_0FE5EB,[loi extract],5BF361F4B75D,2,
menu_0FE5F1,[loi extract],5BF361F4B75D,2,
menu_0FE5F7,Ha Hau Ba,F46AF45CF5F1,3,
menu_0FE613,[loi extract],5BF361F4B75D,2,
menu_0FE647,Vo Ban,F05EF5EB,2,
menu_0FE64D,Hau Can,F45CF5BF,2,
menu_0FE659,[loi extract],5BF361F4B75D,2,
menu_0FE665,[loi extract],5BF361F4B75D,2,
menu_0FE66B,Ton Hao,F0E0F45E,2,
menu_0FE677,Ton Sach,F0E0F1D9,2,
menu_0FE680,Ton Quyen,F0E0F1EB,2,
menu_0FE68B,Ton Thieu,F0E0F157,2,
menu_0FE69B,Ton Tinh,F0E0F0E9,2,
menu_0FE6A3,Nham Kien,F2A2F3BC,2,
menu_0FE6BB,[loi extract],5BF361F4B75D,2,
menu_0FE6C7,Ton Khang,F0E0F3DA,2,
menu_0FE6D3,Ton Kiet,F0E0F3BA,2,
menu_0FE6D9,[loi extract],5BF361F4B75D,2,
menu_0FE6DF,[loi extract],5BF361F4B75D,2,
menu_0FE70D,[loi extract],5BF361F4B75D,2,
menu_0FE713,[loi extract],5BF361F4B75D,2,
menu_0FE723,Luong Ky,F353F3B3,2,
menu_0FE72C,Hoan Pham,F448F251,2,
menu_0FE74F,Quan Khac,F1F4F3E0,2,
menu_0FE76B,Canh Ky,F5BDF3B3,2,
menu_0FE777,Tu Ma Y,F0B3F34BEFF4,3,
menu_0FE78F,Hua Chu,F3F7F562,2,
menu_0FE79B,Tun Tu,F0AAF0B3,2,
menu_0FE7B5,[loi extract],5BF361F4B75D,2,
menu_0FE7BB,[loi extract],5BF361F4B75D,2,
menu_0FE7CB,Vien Thieu,F063F157,2,
menu_0FE7D1,Vien Thu,F063F14D,2,
menu_0FE7D8,Vien Thu,F063F14D,2,
menu_0FE7E3,[loi extract],5BF361F4B75D,2,
menu_0FE7E9,Vien Dam,F063F4F9,2,
menu_0FE7EF,Vien Dam,F063F4F9,2,
menu_0FE7FB,Cong Ton Toan,F550F0E0F0E5,3,
menu_0FE80D,Vuong Ky,F052F3B3,2,
menu_0FE817,Ma Tu,F34BF0B3,2,
menu_0FE81F,Vuong Binh,F052F5D4,2,
menu_0FE83F,Tieu Thua,F0EEF14B,2,
menu_0FE857,[loi extract],5BF361F4B75D,2,
menu_0FE85D,[loi extract],5BF361F4B75D,2,
menu_0FE897,[loi extract],5BF361F4B75D,2,
menu_0FE8AF,Thoi Diem,F151F4DF,2,
menu_0FE8D7,Truong Huu,F0B6F3EE,2,
menu_0FE8F3,Tuong Dong,F0A7F4CE,2,
menu_0FE90D,[loi extract],5BF361F4B75D,2,
menu_0FE923,Truong Phi,F0B6F247,2,
menu_0FE934,Truong Duong,F0B6F4BD,2,
menu_0FE93F,Truong On,F0B6F259,2,
menu_0FE945,[loi extract],5BF361F4B75D,2,
menu_0FE94F,[loi extract],5BF361F4B75D,2,
menu_0FE967,Truong Lieu,F0B6F36C,2,
menu_0FE96D,Truong Ho,F0B6F44F,2,
menu_0FE973,Truong Dich,F0B6F4E1,2,
menu_0FE97F,Truong Mieu,F0B6F2F1,2,
menu_0FE9A7,Truong Ky,F0B6F3B3,2,
menu_0FE9CB,Truong Cung,F0B6F54A,2,
menu_0FE9D1,Truong Hoa,F0B6F44D,2,
menu_0FE9FB,Tao Phi,F1A6F247,2,
menu_0FEA01,Tao Tu,F1A6F0B3,2,
menu_0FEA0F,Tao Vu,F1A6F057,2,
menu_0FEA17,Quan Binh,F1F4F5D4,2,
menu_0FEA1D,[loi extract],5BF361F4B75D,2,
menu_0FEA3F,[loi extract],5BF361F4B75D,2,
menu_0FEA57,Tao Chan,F1A6F5AC,2,
menu_0FEA7B,Tao Chi,F1A6F57A,2,
menu_0FEA81,Tao Chuong,F1A6F558,2,
menu_0FEAAF,Tao Due,F1A6F4C5,2,
menu_0FEACF,Vu Quynh,F057F1E7,2,
menu_0FEAD5,Vu Tu,F057F0B3,2,
menu_0FEAFF,Dien Vi,F4DEF068,2,
menu_0FEB05,[loi extract],5BF361F4B75D,2,
menu_0FEB13,Quach Do,F1F5F4D6,2,
menu_0FEB27,Tuong Uy,F0A7F078,2,
menu_0FEB2D,[loi extract],5BF361F4B75D,2,
menu_0FEB57,[loi extract],5BF361F4B75D,2,
menu_0FEB6F,Tran Cong,F0D4F550,2,
menu_0FEB7D,Tran Cuu,F0D4F541,2,
menu_0FEB8B,[loi extract],5BF361F4B75D,2,
menu_0FEB9F,[loi extract],5BF361F4B75D,2,
menu_0FEBAF,Tran Co,F0D4F553,2,
menu_0FEBBF,Tran Uong,F0D4F07A,2,
menu_0FEBCB,[loi extract],5BF361F4B75D,2,
menu_0FEBDB,Tran Dang,F0D4F4F5,2,
menu_0FEBE1,Gia Cat Khac,F4A2F5B7F3E0,3,
menu_0FEBE8,Lu Ton,F35DF0E0,2,
menu_0FEBED,Lu Khang,F35DF3DA,2,
menu_0FEBF3,Lu Tong,F35DF0DE,2,
menu_0FEBF9,Tang Hoi,F1A9F443,2,
menu_0FEC07,Dau Khiem,F4ECF3D3,2,
menu_0FEC1B,Phuc Tan,F1FDF1AB,2,
menu_0FEC29,Phung Nhuan,F1FBF270,2,
menu_0FEC3B,Truong Tong,F0B6F0DE,2,
menu_0FEC41,[loi extract],5BF361F4B75D,2,
menu_0FEC4F,Mang Lai dong chu,F344F3ADF4CDF561,4,
menu_0FEC6D,[loi extract],5BF361F4B75D,2,
menu_0FEC7F,Trinh Vien Chi,F0C6F063F57A,3,
menu_0FEC8B,Trinh Dong,F0C6F4CE,2,
menu_0FEC97,[loi extract],5BF361F4B75D,2,
menu_0FEC9F,Thanh Pho,F16AF244,2,
menu_0FECA5,[loi extract],5BF361F4B75D,2,
menu_0FECBB,Than Dam,F16FF4F9,2,
menu_0FECC3,[loi extract],5BF361F4B75D,2,
menu_0FECE7,Hoang Gai,F446F4B4,2,
menu_0FED07,Hoang Quyen,F446F1EB,2,
menu_0FED37,Viet Cat Nguyen soai,F061F5B7F2ABF1C3,4,
menu_0FED5F,Duong Tu,F4BDF0B3,2,
menu_0FED77,Dong Uy,F4CEF078,2,
menu_0FED7D,[loi extract],5BF361F4B75D,2,
menu_0FED8D,Tang Tung,F1A9F0A9,2,
menu_0FED9F,[loi extract],5BF361F4B75D,2,
menu_0FEDA7,[loi extract],5BF361F4B75D,2,
menu_0FEDAF,[loi extract],5BF361F4B75D,2,
menu_0FEDB7,Tuong Quan,F0A7F1F4,2,
menu_0FEDBF,Dong Trac,F4CEF0D9,2,
menu_0FEDDB,Dong Uy,F4CEF078,2,
menu_0FEDE1,[loi extract],5BF361F4B75D,2,
menu_0FEDEB,[loi extract],5BF361F4B75D,2,
menu_0FEDFB,Han Toai,F463F0E6,2,
menu_0FEE0B,[loi extract],5BF361F4B75D,2,
menu_0FEE11,Vuong Lang,F052F3A2,2,
menu_0FEE17,[loi extract],5BF361F4B75D,2,
menu_0FEE23,[loi extract],5BF361F4B75D,2,
menu_0FEE4B,[loi extract],5BF361F4B75D,2,
menu_0FEE67,Lieu Hoa,F36CF44D,2,
menu_0FEE87,Lu Khang,F35DF3DA,2,
menu_0FEEA0,Trieu Van,F0C8F072,2,
menu_0FEEC7,Luu Vinh,F351F060,2,
menu_0FEED5,[loi extract],5BF361F4B75D,2,
menu_0FEEFF,Luu Bi,F351F5DF,2,
menu_0FEF13,Luu Ky,F351F3B3,2,
menu_0FEF23,[loi extract],5BF361F4B75D,2,
menu_0FEF29,Mau Thach,F2FBF174,2,
menu_0FEF2F,Duong Nghi,F4BDF2C5,2,
menu_0FEF35,[loi extract],5BF361F4B75D,2,
menu_0FEF3B,Luu Thien,F351F15B,2,
menu_0FEF4F,Luu Phuc,F351F1FD,2,
menu_0FEF61,Khong Dung,F3C6F4C3,2,
menu_0FEF75,[loi extract],5BF361F4B75D,2,
menu_0FEF87,Khoai Luong,F3CDF353,2,
menu_0FEFAB,[loi extract],5BF361F4B75D,2,
menu_0FEFB3,[loi extract],5BF361F4B75D,2,
menu_0FEFD1,[loi extract],5BF361F4B75D,2,
menu_0FEFF3,Tran Ung,F0D4F07E,2,
menu_0FEFFC,Luu Ba,F351F5F1,2,
name_0FC010,[loi extract],5BF361F4B75D,2,
name_0FC018,[loi extract],5BF361F4B75D,2,
name_0FC028,Thuan Vu,F149F057,2,
name_0FC040,Ha Hu Xuong,F46AF3F9EFF6,3,
name_0FC050,Tu Kinh,F0B3F3B7,2,
name_0FC058,Hu Chu,F3F9F562,2,
name_0FC078,Phung Ky,F1FBF3B3,2,
name_0FC080,Quach Phien,F1F5F246,2,
name_0FC098,Quach Hoai,F1F5F449,2,
name_0FC0A0,Quach Gia,F1F5F4A2,2,
name_0FC0C8,[loi extract],5BF361F4B75D,2,
name_0FC0F0,Tran Cuu,F0D4F541,2,
name_0FC100,Tran Dang,F0D4F4F5,2,
name_0FC108,Tran Quan,F0D4F1F4,2,
name_0FC128,Tran Kieu,F0D4F3B9,2,
name_0FC130,Tran Lan,F0D4F3A7,2,
name_0FC148,Tran Kien,F0D4F3BC,2,
name_0FC150,Luc Kang,F359F3E6,2,
name_0FC178,[loi extract],5BF361F4B75D,2,
name_0FC1A0,Pho Dam,F244F4F9,2,
name_0FC1B0,Hoa Tan,F44DF1AB,2,
name_0FC1B8,Hoa Giac,F44DF47E,2,
name_0FC1D8,Dong chu,F4CEF561,2,
name_0FC1E0,Kham Hung,F3DCF3F3,2,
name_0FC1F8,Tiep Binh,F0F2F5D4,2,
name_0FC200,Trinh Vien Chi,F0C6F063F57A,3,
name_0FC250,Phi Y,F247EFF4,2,
name_0FC260,Hoang Trung,F446F0B9,2,
name_0FC268,Hoang To,F446F0E7,2,
name_0FC288,Hoang Hao,F446F45E,2,
name_0FC290,Hoang Thieu,F446F157,2,
name_0FC2A8,Phung Tap,F1FBF1A3,2,
name_0FC2D0,Nha Dan thua tuong,F2A7F4F7F14AF0A5,4,
name_0FC2D8,Pho Viet Cat,F244F061F5B7,3,
name_0FC300,Duong Tong,F4BDF0DE,2,
name_0FC310,Duong Bach,F4BDF5ED,2,
name_0FC318,Duong Hung,F4BDF3F3,2,
name_0FC338,Duong Mat,F4BDF2FD,2,
name_0FC340,Duong Bieu,F4BDF5D7,2,
name_0FC358,Duong Xau,F4BDF04B,2,
name_0FC370,Duong dai tuong,F4BDF4FAF0A5,3,
name_0FC388,Duong Han,F4BDF463,2,
name_0FC3B0,Dong Chieu,F4CEF573,2,
name_0FC3C0,Dong Hoang,F4CEF446,2,
name_0FC3C8,Dong Hang,F4CEF461,2,
name_0FC3E8,Dong Hi,F4CEF456,2,
name_0FC3F0,Dong Quyet,F4CEF1E9,2,
name_0FC408,Gia Khoi,F4A2F3C8,2,
name_0FC420,Gia Sung,F4A2F1B6,2,
name_0FC438,Ung Khai,F07EF3DE,2,
name_0FC470,Cat Ung,F5B7F07E,2,
name_0FC478,Lieu Hoa,F36CF44D,2,
name_0FC498,Trieu Sam,F0C8F1D5,2,
name_0FC4A0,Trieu Ngoang,F0C8F2B8,2,
name_0FC4B8,Trieu Van,F0C8F072,2,
name_0FC4D0,Trieu Khu,F0C8F3C3,2,
name_0FC4E8,Trieu Hung,F0C8F3F3,2,
name_0FC520,Luu Vinh,F351F060,2,
name_0FC528,Luu Tien,F351F0F5,2,
name_0FC548,Luu Phong,F351F242,2,
name_0FC550,Luu Do,F351F4D6,2,
name_0FC568,Luu Ly,F351F34E,2,
name_0FC580,Luu Ky,F351F3B3,2,
name_0FC598,Luu Ban,F351F5EB,2,
name_0FC5D0,Luu Tuan,F351F0B0,2,
name_0FC5D8,Luu Tong,F351F0DE,2,
name_0FC5F8,Luu Dam,F351F4F9,2,
name_0FC600,Luu Thieu,F351F157,2,
name_0FC618,Khoai Luong,F3CDF353,2,
name_0FC630,Chung Tap,F55BF1A3,2,
name_0FC638,Boi Nguyen Thieu,F5D0F2ABF157,3,
name_0FC648,Trach Nguyen,F0D8F2AB,2,
name_0FC680,Lac Tan,F3AFF1AB,2,
name_0FC688,Lac Lam,F3AFF3AB,2,
name_0FC6A8,Tuong Ky,F0A7F3B3,2,
name_0FC6B0,Tuong Kham,F0A7F3DC,2,
name_0FC6C8,Tuong Can,F0A7F5BF,2,
name_0FC6E0,Thai Trung,F173F0B9,2,
name_0FC6F8,Thai Duong,F173F4BD,2,
name_0FC750,Gia Cat Thuong,F4A2F5B7F140,3,
name_0FC758,Gia Cat Canh,F4A2F5B7F5BD,3,
name_0FC760,Trinh Do,F0C6F4D6,2,
name_0FC778,Trinh Van,F0C6F072,2,
name_0FC790,Dang Nghia,F4F5F2C3,2,
name_0FC7A8,Dang Mao,F4F5F340,2,
name_0FC800,Diem Tuong,F4DFF0A7,2,
name_0FC808,Hoac Quan,F44BF1F4,2,
name_0FC810,Lac Thong,F3AFF14F,2,
name_0FC828,Bao Long,F5E7F35F,2,
name_0FC840,Lo Ton,F368F0E0,2,
name_0FC858,Kien Thac,F3BCF175,2,
name_0FC8B0,Chung Tan,F55BF1AB,2,
name_0FC8B8,Chung Hoi,F55BF443,2,
name_0FC8C0,Chung Dao,F55BF4F0,2,
name_0FC8D8,Ung Thieu,F07EF157,2,
name_0FC8F0,Han Dan,F463F4F7,2,
name_0FC908,Han Cu Tu,F463F54DF0B3,3,
name_0FC960,Han Anh,F463F5F4,2,
name_0FC968,Han Giao,F463F479,2,
name_0FC970,Han Quynh,F463F1E7,2,
name_0FC988,Nhan Luong,F2A1F353,2,
name_0FC9A0,Quan Binh,F1F4F5D4,2,
name_0FC9B8,Quan Thuan,F1F4F149,2,
name_0FCA10,Bang Hoi,F5E9F443,2,
name_0FCA18,Nghiem Bach Ho,F2C1F5EDF44F,3,
name_0FCA20,Nghiem Cuong,F2C1F544,2,
name_0FCA38,Nghiem Quan,F2C1F1F4,2,
name_0FCA50,To Phi,F0E7F247,2,
name_0FCA68,Dang Quan,F4F5F1F4,2,
name_0FCB50,[loi extract],5BF361F4B75D,2,
name_0FCBC8,[loi extract],5BF361F4B75D,2,
name_0FCC70,[loi extract],5BF361F4B75D,2,
name_0FCCA0,De nhat,F4E8F27A,2,
name_0FCCA8,Tru anh hao Hoang Can,F0BDF5F3F45DF446F5BF,5,
name_0FCCB0,Thu linh lap cong,F14DF369F37AF54F,4,
name_0FCCB8,Tay Nguyen,F17CF2AB,2,
name_0FCCC8,Phe Han trieu,F249F463F0C7,3,
name_0FCCD0,De Tran Luu,F4E8F0D4F351,3,
name_0FCCF0,Tao Cong Ton,F1A6F550F0E0,3,
name_0FCCF8,Nhuong Xu Chau,F26CEFFEF5A6,3,
name_0FCD10,Chien quan,F575F1F3,2,
name_0FCD18,Do Ben Chu bai tran,F4D6F5E2F562F5ECF0D3,5,
name_0FCD38,Dinh tam phan thien ha,F4D8F1ACF24EF15AF469,5,
name_0FCD40,Quyet sach Long Trung,F1E9F1D8F35FF0B9,4,
name_0FCD58,Quan Van,F1F4F072,2,
name_0FCD60,Thuy tac That quan,F0FDF1B0F166F1F3,4,
name_0FCD68,That quan,F166F1F3,2,
name_0FCD80,Ngu Truong Nguyen,F2B5F0B6F2AB,3,
name_0FCD88,Gia Cat tuong sao,F4A2F5B7F0A5F1D1,4,
name_0FCDC0,Nam Bi,F2DAF5DF,2,
name_0FCDE0,Phuc Duong,F1FDF4BD,2,
name_0FCDE8,Tran Luu,F0D4F351,2,
name_0FCDF0,Lac Duong,F3AFF4BD,2,
name_0FCDF8,Hong Nong,F3FCF264,2,
name_0FCE08,An Dinh,F5F6F4D8,2,
name_0FCE18,Tay Luong,F17CF353,2,
name_0FCED8,Thanh Do,F16AF4D6,2,
name_0FCEF0,Kien Ninh,F3BCF268,2,
name_0FCF28,Dong phong thoi,F4CEF241F150,3,
name_0FCF30,Chien co loi vang,F575F552F361F06F,4,
name_0FCF38,Tam Quoc Chi,F1ADF1EFF57A,3,
name_0FCF40,Phong van lai,F242F071F3AC,3,
name_0FCF58,Cai dat du lieu,F5C2F4EDF4C9F36B,4,
name_0FD038,He vui ve,F458F053F069,3,
name_0FD080,Quan chu moi,F1F4F561F2EA,3,
name_0FD0A8,Chon nhan vat,F567F27EF06C,3,
name_0FD0B0,Quan chu moi,F1F4F561F2EA,3,
name_0FD0C8,Cap do,F5BAF4D5,2,
name_0FD0D8,Vu khi dang co,F057F3D5F4F4F552,4,
name_0FD110,Hay chon,F45AF566,2,
name_0FD118,Quan chu so huu,F1F4F561F1C4F3ED,4,
name_0FD120,Vo tuong thuoc,F05EF0A5F141,3,
name_0FD138,Chon quan chu,F567F1F3F561,3,
name_0FD140,Quan chu xuat hien,F1F4F561EFFAF453,4,
name_0FD170,Hien tai,F454F1AE,2,
name_0FD1A8,Cam vu khi,F5C1F056F3D5,3,
name_0FD1C8,Quyet dinh,F1E9F4D7,2,
name_0FD1D0,[loi extract],5BF361F4B75D,2,
name_0FD1F0,Vo luc,F05EF358,2,
name_0FD210,Thong nguc,F14FF2B0,2,
name_0FD290,Ngoai giao,F2B9F478,2,
name_0FD2B0,Nhan duc,F2A1F4C6,2,
name_0FD2E0,Si binh,F1C8F5D3,2,
name_0FD330,Da co xay dung,F4FEF552F04AF4C2,4,
name_0FD338,Ten vo tuong moi,F178F05DF0A5F2EA,4,
name_0FD368,Xoa,F043,1,
name_0FD3C0,Muoi mot,F2E0F2E5,2,
name_0FD408,Bat dau thuc hien,F5E5F4EBF145F453,4,
name_0FD410,Lenh thang nay,F374F16BF2D3,3,
name_0FD418,Chinh lenh,F56FF373,2,
name_0FD428,Quan chu khong o day,F1F4F561F3C4F25BF4E9,5,
name_0FD430,Trong quan huyen,F0C0F1F3F3EA,3,
name_0FD438,Am thanh,F5F8F169,2,
name_0FD440,Mo,F2EE,1,
name_0FD448,Tat am thanh,F1A1F5F7F169,3,
name_0FD450,Nhac,F2A5,1,
name_0FD460,Tat nhac,F1A1F2A3,2,
name_0FD470,Nghi de di xa hon,F2C5F4E7F4E2F04FF3FD,5,
name_0FD478,Di duong xa hon,F4E3F4BCF04FF3FD,4,
name_0FD480,Xac nhan,F04EF27E,2,
name_0FD488,Ket thuc game,F3E3F145F4B2,3,
name_0FD4B8,Ra lenh,F1E6F373,2,
name_0FD4F0,Hay chon,F45AF566,2,
name_0FD4F8,Chon file luu,F567F4B6F350,3,
name_0FD500,Vi tri,F068F0CA,2,
name_0FD508,Vi tri nay,F068F0CAF2D3,3,
name_0FD510,Da co du lieu,F4FEF552F4C9F36B,4,
name_0FD518,Du lieu,F4CAF36B,2,
name_0FD520,Ghi de file cu,F4ABF4E7F4B6F54C,4,
name_0FD528,Tap tin,F1A3F0EA,2,
name_0FD548,Vui long doi,F054F35EF4D1,3,
name_0FD550,Dang luu du lieu,F4F5F350F4C9F36B,4,
name_0FD558,Dang ghi,F4F5F4A6,2,
name_0FD568,Luu xong,F351F040,2,
name_0FD570,Nhan phim,F2A1F245,2,
name_0FD578,Tiep tuc,F0F2F0AE,2,
name_0FD5A8,Chon file,F567F4B6,2,
name_0FD5B0,So hieu,F1C5F451,2,
name_0FD5C0,Dang tai file,F4F5F1AEF4B6,3,
name_0FD5C8,Dang nap,F4F5F2D5,2,
name_0FD5D0,Tai vao,F1AFF06E,2,
name_0FD5D8,Hoan tat,F448F17E,2,
name_0FD5E0,Nhan phim tiep,F2A1F245F0F1,3,
name_0FD5F0,Hay chon,F45AF566,2,
name_0FD608,[loi extract],5BF361F4B75D,2,
name_0FD660,Xe tu ma,F049F0B1F34A,3,
name_0FD698,Thong nguc tang,F14FF2B0F1A7,3,
name_0FD6A0,Tang len,F1A9F375,2,
name_0FD6A8,Binh phap tang,F5D4F24CF1A7,3,
name_0FD6B8,Nhan duc tang,F2A1F4C6F1A7,3,
name_0FD748,Chinh tri tang,F56FF0CAF1A7,3,
name_0FD7C8,Ngoai giao tang,F2B9F478F1A7,3,
name_0FD860,Dau hang,F4ECF460,2,
name_0FD880,Xac nhan thuc hien,F04EF27EF145F453,4,
name_0FD9C0,Tam Quoc Dien Nghia,F1ADF1EFF4DEF2C3,4,
name_0FD9F0,Quan do duoc uy,F1F4F4D5F4BFF077,4,
name_0FD9F8,May tinh bo nhiem,F2F9F0E8F5D1F277,4,
name_0FDA18,Lenh,F374,1,
name_0FDA90,Tu binh,F0B3F5D3,2,
name_0FDA98,Bi thuong,F5DFF0FE,2,
name_0FDAA0,Bi benh,F5DFF5E0,2,
name_0FDAA8,Dang phuc vu,F4F5F1FCF056,3,
name_0FDB38,Vu khi,F057F3D5,2,
name_0FDB78,So binh,F1C5F5D3,2,
name_0FDBF8,Ke vi lon,F3E5F067F360,3,
name_0FDC08,Quan chu,F1F4F561,2,
name_0FDC40,Ke vi quan chu,F3E5F067F1F3F561,4,
name_0FDC78,Khong ai ke vi,F3C6F5F9F3E4F067,4,
name_0FDC98,Thong nhat,F14FF27A,2,
name_0FDCA0,Dai nghiep thanh,F4FBF2BEF169,3,
name_0FDCA8,Giac mong dai,F47EF2E7F4FA,3,
name_0FDCB0,Game ket thuc,F4B3F3E2F145,3,
name_0FDCD0,Chay ve quan,F5A2F069F1F3,3,
name_0FDCD8,Kinh thanh,F3B7F169,2,
name_0FDCF8,Chay ve kinh,F5A2F069F3B4,3,
name_0FDD20,Thua Uyen,F14BF076,2,
name_0FDD40,Kinh Le,F3B7F377,2,
name_0FDD60,Ngoc Dot,F2B7F4CC,2,
name_0FDD78,Tu Phuc,F0B3F1FD,2,
name_0FDDB0,[loi extract],5BF361F4B75D,2,
name_0FDDD0,Lu Chi,F35DF57A,2,
name_0FDE10,Vuong Can,F052F5BF,2,
name_0FDE38,Cam Thao,F5C1F168,2,
name_0FDE68,Khong Thuc,F3C6F146,2,
name_0FDE80,Cam Hoan,F5C1F448,2,
name_0FDED8,Cung Hy,F54AF3E9,2,
name_0FDF00,[loi extract],5BF361F4B75D,2,
name_0FDF48,Gia Khong,F4A2F3C6,2,
name_0FDF60,Khong Nhung,F3C6F26E,2,
name_0FDF70,Tu Lam,F0B3F3AB,2,
name_0FDF88,Doc Loc,F4D3F363,2,
name_0FDFC0,Tu Ma Lang,F0B3F34BF3A2,3,
name_0FDFD0,Tu Ma Y,F0B3F34BEFF4,3,
name_0FDFD8,Tu Ma Phu,F0B3F34BF240,3,
name_0FDFE0,Lu Nong,F35DF264,2,
name_0FB017,Ton Tu binh phap,F0E0F0B3F5D3F24C,4,
name_0FB021,Man Duc tan thu,F346F4C7F1AAF14C,4,
name_0FB02F,[loi extract],5BF361F4B75D,2,
name_0FB039,Ky Mon dun giap thien thu,F3B3F2E9F4C4F477F15AF14C,6,
name_0FB049,Tuong dun giap thien thu,F0A7F4C4F477F15AF14C,5,
name_0FB055,Nu thanh nang thu,F263F169F2D7F14C,4,
name_0FB05F,Ta benh luan,F1B4F5E0F35A,3,
name_0FB06B,Xich Tho,F046F154,2,
name_0FB073,De Lu,F4E8F35D,2,
name_0FB07B,[loi extract],5BF361F4B75D,2,
name_0FB085,[loi extract],5BF361F4B75D,2,
name_0FB08F,O Ma,F25CF34B,2,
name_0FB097,Xich Tho cuon mao,F046F154F545F2FE,4,
name_0FB0A3,Hoang bieu ma,F446F5D6F34A,3,
name_0FB0AB,[loi extract],5BF361F4B75D,2,
name_0FB0B4,Dao lon,F4F0F360,2,
name_0FB0BB,Dao khan lon,F4F0F3DBF360,3,
name_0FB0C3,Tam thien dao,F1ADF15AF4EF,3,
name_0FB0CB,Nhat nguyet dao,F27BF2A9F4EF,3,
name_0FB0D3,Cat dau dao lon,F5B7F4EBF4EFF360,4,
name_0FB0DD,Tinh bao dao,F0E9F5E6F4EF,3,
name_0FB0E9,Tam thien luong nhan dao,F1ADF15AF352F27EF4EF,5,
name_0FB0F7,Thanh Cuong,F16AF544,2,
name_0FB0FF,[loi extract],5BF361F4B75D,2,
name_0FB107,Song cot kiem,F1BFF54EF3BE,3,
name_0FB10F,Thiet bien,F159F5DB,2,
name_0FB117,Q.Long yen nguyet dao,F1F72EF35FEFF1F2A9F4EF,5,
name_0FB129,Son dai phu,F1C0F4FAF1FE,3,
name_0FB135,[loi extract],5BF361F4B75D,2,
name_0FB13F,Thiet chuy,F159F556,2,
name_0FB14F,Thiet tich le co do,F159F0F6F376F552F4D5,5,
name_0FB15B,Thiet thuong,F159F0FE,2,
name_0FB164,Hoa Ke,F44DF3E5,2,
name_0FB16B,Song thiet ke,F1BFF158F3E4,3,
name_0FB173,Phuong Thien Ke,F1FAF15BF3E5,3,
name_0FB183,Truong Bat Mao,F0B6F5E5F340,3,
name_0FB18D,Xa mao,F050F2FE,2,
name_0FB199,Phi xa,F247F04F,2,
name_0FB1A1,Ngoc ty,F2B7F0A1,2,
name_0FB1A9,Dinh Nguyen,F4D8F2AB,2,
name_0FB1B1,[loi extract],5BF361F4B75D,2,
name_0FB1B9,[loi extract],5BF361F4B75D,2,
name_0FB1C1,Dinh Nghi,F4D8F2C5,2,
name_0FB1C9,Dinh Tu,F4D8F0B3,2,
name_0FB1D9,[loi extract],5BF361F4B75D,2,
name_0FB1E1,Vu Toan,F057F0E5,2,
name_0FB1E9,[loi extract],5BF361F4B75D,2,
name_0FB201,Tu Phuc,F0B3F1FD,2,
name_0FB20B,Vuong Ung,F052F07E,2,
name_0FB214,Vuong Phuong,F052F1FA,2,
name_0FB21B,Vuong Binh,F052F5D4,2,
name_0FB223,Vuong Khang,F052F3DA,2,
name_0FB229,Vuong Khoang,F052F3CA,2,
name_0FB233,Vuong Phu,F052F240,2,
name_0FB239,Vuong Trung,F052F0B9,2,
name_0FB241,Vuong Xuong,F052EFF6,2,
name_0FB249,Vuong Tac,F052F1B1,2,
name_0FB251,Vuong Cau,F052F5B6,2,
name_0FB259,Vuong Uy,F052F078,2,
name_0FB271,Vuong Co,F052F553,2,
name_0FB279,Vuong Loi,F052F362,2,
name_0FB291,Vuong Song,F052F1BF,2,
name_0FB2B1,Vuong Tat,F052F1A1,2,
name_0FB2BB,Vuong Lien,F052F36F,2,
name_0FB2C4,Vuong Suong,F052F1B5,2,
name_0FB2CB,Vuong Tuc,F052F0AF,2,
name_0FB2D3,Vuong Kinh,F052F3B7,2,
name_0FB2D9,Vuong Quan,F052F1F4,2,
name_0FB2E3,Vuong Chan,F052F5AC,2,
name_0FB2E9,Vuong Ham,F052F464,2,
name_0FB2F1,Vuong Hy,F052F3E9,2,
name_0FB2F9,Vuong Huong,F052F3F1,2,
name_0FB301,Vuong Hon,F052F3FE,2,
name_0FB309,Vuong Nhung,F052F26E,2,
name_0FB311,[loi extract],5BF361F4B75D,2,
name_0FB31B,[loi extract],5BF361F4B75D,2,
name_0FB323,Cong Ton Tu,F550F0E0F0B3,3,
name_0FB32B,Cong Ton Cung,F550F0E0F54A,3,
name_0FB333,[loi extract],5BF361F4B75D,2,
name_0FB33B,[loi extract],5BF361F4B75D,2,
name_0FB343,[loi extract],5BF361F4B75D,2,
name_0FB353,[loi extract],5BF361F4B75D,2,
name_0FB361,Van Binh,F072F5D4,2,
name_0FB36B,Van Xau,F072F04B,2,
name_0FB374,Bien Hi,F5DCF456,2,
name_0FB37B,Vo Khu Kiem,F05EF3C3F3BF,3,
name_0FB383,Vo Khu Dien,F05EF3C3F4DE,3,
name_0FB38B,Mao Gioi,F340F474,2,
name_0FB393,Thai Su Tu,F173F1BCF0B3,3,
name_0FB3A1,Khong Uu,F3C6F079,2,
name_0FB3A9,Khong Tu,F3C6F0B3,2,
name_0FB3B1,Phuong Duyet,F1FAF4BA,2,
name_0FB3B9,Doan Phung,F4D4F1FB,2,
name_0FB3D3,Doan Mac,F4D4F349,2,
name_0FB3DB,Doan Le,F4D4F377,2,
name_0FB3E3,[loi extract],5BF361F4B75D,2,
name_0FB3EB,[loi extract],5BF361F4B75D,2,
name_0FB3F5,Tu Ma Viem,F0B3F34BF064,3,
name_0FB3FF,Tu Ma Chieu,F0B3F34BF573,3,
name_0FB407,Tu Ma Su,F0B3F34BF1BC,3,
name_0FB40F,Tu Ma Lang,F0B3F34BF3A2,3,
name_0FB417,Tu Ma Y,F0B3F34BEFF4,3,
name_0FB420,Tu Ma Phu,F0B3F34BF240,3,
name_0FB427,Tu Ma Vong,F0B3F34BF059,3,
name_0FB42F,Tu Ma Du,F0B3F34BF4CA,3,
name_0FB437,Tu Ma Dien,F0B3F34BF4DE,3,
name_0FB43F,Su Hoan,F1BCF448,2,
name_0FB44D,Ta Linh,F1B4F36A,2,
name_0FB455,Ta Ham,F1B4F464,2,
name_0FB45D,Cam Ninh,F5C1F268,2,
name_0FB465,Dien Chuong,F4DEF558,2,
name_0FB47F,Dien Tuc,F4DEF0AF,2,
name_0FB487,Dien Khai,F4DEF3DE,2,
name_0FB49D,Cau An,F5B6F5F6,2,
name_0FB4A5,Thach Bao,F174F5E7,2,
name_0FB4AD,Khu Kien,F3C3F3BC,2,
name_0FB4B5,Y Te,EFF4F17A,2,
name_0FB4BD,Ngu Tap,F2B5F1A3,2,
name_0FB4C5,Ngu Quynh,F2B5F1E7,2,
name_0FB4D0,Ngu Diem,F2B5F4DF,2,
name_0FB4D7,Nham Tuan,F2A2F0B0,2,
name_0FB4DF,Toan Tong,F0E5F0DE,2,
name_0FB4E7,Toan Dich,F0E5F4E1,2,
name_0FB4EF,Toan Doan,F0E5F4D4,2,
name_0FB4FD,Toan Ky,F0E5F3B3,2,
name_0FB505,Huong Lang,F3F1F3A2,2,
name_0FB50D,Huong Sung,F3F1F1B6,2,
name_0FB515,Thanh Nghi,F16AF2C5,2,
name_0FB51D,[loi extract],5BF361F4B75D,2,
name_0FB52F,Thanh Te,F16AF17A,2,
name_0FB537,Chu Quang,F562F1F2,2,
name_0FB53F,[loi extract],5BF361F4B75D,2,
name_0FB54D,Chu Nhien,F562F276,2,
name_0FB555,Chu Tuan,F562F0B0,2,
name_0FB55D,Chu Bao,F562F5E7,2,
name_0FB565,Chu Linh,F562F36A,2,
name_0FB56D,Chu Tan,F562F1AB,2,
name_0FB575,Chu Di,F562F4E3,2,
name_0FB580,Duong Ho,F4BDF44F,2,
name_0FB587,Cat Thai,F5B7F173,2,
name_0FB58F,Cat Dieu,F5B7F4DA,2,
name_0FB597,Cat Mac,F5B7F349,2,
name_0FB59F,Vuong Chieu,F052F573,2,
name_0FB5AD,Mang Nha Truong,F344F2A7F0B6,3,
name_0FB5B7,[loi extract],5BF361F4B75D,2,
name_0FB5BD,Ha Nghi,F46AF2C5,2,
name_0FB5C5,Ha Man,F46AF346,2,
name_0FB5DF,Ha Tang,F46AF1A9,2,
name_0FB5E7,Lanh Bao,F37DF5E7,2,
name_0FB5F7,Tu Lan,F0B3F3A7,2,
name_0FB605,Ngo Don,F2BDF4D0,2,
name_0FB60D,Ngo Canh,F2BDF5BD,2,
name_0FB615,Ngo Thac,F2BDF175,2,
name_0FB61D,Ngo Chat,F2BDF5A8,2,
name_0FB625,Ngo Lan,F2BDF3A7,2,
name_0FB630,Ngo Nghi,F2BDF2C5,2,
name_0FB637,Ngo Sam,F2BDF1D5,2,
name_0FB63F,Ngo Cuong,F2BDF544,2,
name_0FB647,Lu Bo,F35DF5D2,2,
name_0FB64F,Lu Cong,F35DF550,2,
name_0FB657,Uy Hoang,F078F446,2,
name_0FB66D,Lu Thuong,F35DF140,2,
name_0FB675,Lu Khai,F35DF3DE,2,
name_0FB67D,[loi extract],5BF361F4B75D,2,
name_0FB68F,Lu Mong,F35DF2E8,2,
name_0FB697,Lu Pham,F35DF251,2,
name_0FB6B5,Tong Trung,F0DEF0B9,2,
name_0FB6BD,Tong Qua,F0DEF1F6,2,
name_0FB6C5,Tong Hien,F0DEF454,2,
name_0FB6CD,Tong Khiem,F0DEF3D3,2,
name_0FB6D5,Tong Bao,F0DEF5E7,2,
name_0FB6E0,Sam Hon,F1D5F3FE,2,
name_0FB6E7,Sam Bich,F1D5F5DD,2,
name_0FB6EF,Sam Uy,F1D5F078,2,
name_0FB6F7,Ly Biet,F34EF5DA,2,
name_0FB6FF,Ly Phu,F34EF240,2,
name_0FB71D,Ly Khu,F34EF3C3,2,
name_0FB725,Ly Di,F34EF4E3,2,
name_0FB72D,[loi extract],5BF361F4B75D,2,
name_0FB73F,Ly Tuc,F34EF0AF,2,
name_0FB747,Ly Mong,F34EF2E8,2,
name_0FB765,Ly Phong,F34EF242,2,
name_0FB76D,Ly Nghiem,F34EF2C1,2,
name_0FB775,Ly Thoat,F34EF152,2,
name_0FB77D,Ly Phuc,F34EF1FD,2,
name_0FB785,Ly Pho,F34EF244,2,
name_0FB790,Ly Thang,F34EF16C,2,
name_0FB797,Ly Ham,F34EF464,2,
name_0FB79F,Ly Bang,F34EF5E9,2,
name_0FB7A7,Do Tap,F4D6F1A3,2,
name_0FB7AF,Do Du,F4D6F4CA,2,
name_0FB7C7,Ma Kha,F34BF3E1,2,
name_0FB7CF,Tham Ung,F171F07E,2,
name_0FB7D5,Xa Cau,F050F5B6,2,
name_0FB7EF,Tan Ty,F1ABF0A2,2,
name_0FB7F7,Tan Thuong,F1ABF140,2,
name_0FB7FF,[loi extract],5BF361F4B75D,2,
name_0FB807,[loi extract],5BF361F4B75D,2,
name_0FB815,Doc Loc dai vuong,F4D3F363F4FAF051,4,
name_0FB821,Dien Vi,F4DEF068,2,
name_0FB829,Dien Man,F4DEF346,2,
name_0FB831,[loi extract],5BF361F4B75D,2,
name_0FB83C,Ti Vien,F0F9F063,2,
name_0FB843,Hoa Hiep,F44DF452,2,
name_0FB84B,Chu Tan,F562F1AB,2,
name_0FB853,Chu Thuong,F562F140,2,
name_0FB85B,Chu Thai,F562F173,2,
name_0FB87B,Chu Quan,F562F1F4,2,
name_0FB881,Chu Binh,F562F5D4,2,
name_0FB889,[loi extract],5BF361F4B75D,2,
name_0FB89B,Man Dam,F346F4F9,2,
name_0FB8A3,Man Dat,F346F4EE,2,
name_0FB8C1,Thuong Cuu,F140F541,2,
name_0FB8C9,Vo An Quoc,F05EF5F6F1EF,3,
name_0FB8E1,Tu Hoac,F0B3F44B,2,
name_0FB8EC,Kim Tuyen,F3B8F0A3,2,
name_0FB8F3,Kim Hoan tam ket,F3B8F448F1ACF3E2,4,
name_0FB8FD,[loi extract],5BF361F4B75D,2,
name_0FB905,[loi extract],5BF361F4B75D,2,
name_0FB915,[loi extract],5BF361F4B75D,2,
name_0FB91D,[loi extract],5BF361F4B75D,2,
name_0FB925,[loi extract],5BF361F4B75D,2,
name_0FB92B,Tong Du,F0DEF4CA,2,
name_0FB931,Cuong Vuong Mi,F544F052F2F6,3,
name_0FB94B,Phong Tien,F242F0F5,2,
name_0FB953,Hau Lam,F45CF3AB,2,
name_0FB971,Khuong Duy,F3C1F4BB,2,
name_0FB979,Lieu Phu,F36CF240,2,
name_0FB983,[loi extract],5BF361F4B75D,2,
name_0FB993,Ky Linh,F3B3F36A,2,
name_0FB99C,Ho Tai,F44FF1AF,2,
name_0FB9A3,Ho Xich Nhi,F44FF046F278,3,
name_0FB9AB,Xa Nhi,F050F278,2,
name_0FB9C1,Ho Ton,F44FF0E0,2,
name_0FB9C9,Ho Liet,F44FF36D,2,
name_0FB9D1,Ho Uyen,F44FF076,2,
name_0FB9DB,Ho Phan,F44FF24F,2,
name_0FB9E1,Pham Cuong,F251F544,2,
name_0FB9F3,[loi extract],5BF361F4B75D,2,
name_0FB9FD,[loi extract],5BF361F4B75D,2,
name_0FBA05,[loi extract],5BF361F4B75D,2,
name_0FBA0D,[loi extract],5BF361F4B75D,2,
name_0FBA21,Vi Hoang,F068F446,2,
name_0FBA29,Luon Truc,F354F0BB,2,
name_0FBA43,Ha Van,F46AF072,2,
name_0FBA4C,Ha Tuan,F46AF0B0,2,
name_0FBA53,Ha Hau Huyen,F46AF45CF3EB,3,
name_0FBA5B,Hau Ton,F45CF0E0,2,
name_0FBA6B,Ha Hau Thuong,F46AF45CF140,3,
name_0FBA73,Ha Hau Uy,F46AF45CF078,3,
name_0FBA7B,Ha Hau An,F46AF45CF5F6,3,
name_0FBA83,Ha Hau Don,F46AF45CF4D0,3,
name_0FBA8B,Ha Hau Vien,F46AF45CF063,3,
name_0FBA93,Hau Hue,F45CF3F4,2,
name_0FBA9B,Hau Duc,F45CF4C7,2,
name_0FBAA3,Hau Lan,F45CF3A7,2,
name_0FBAAB,Ha Hau Ba,F46AF45CF5F1,3,
name_0FBAB3,Ha Hau Mao,F46AF45CF340,3,
name_0FBAC1,Ton Trung,F0E0F0B9,2,
name_0FBAD1,Ton Khoang,F0E0F3CA,2,
name_0FBAD9,Ton Tu,F0E0F0B3,2,
name_0FBAF3,Ton Lang,F0E0F3A2,2,
name_0FBAFC,Ton Hoan,F0E0F448,2,
name_0FBB03,Ton Can,F0E0F5BF,2,
name_0FBB1B,Ton Hao,F0E0F45E,2,
name_0FBB23,Ton Sach,F0E0F1D9,2,
name_0FBB2B,Ton Nhu,F0E0F272,2,
name_0FBB33,Ton Thieu,F0E0F157,2,
name_0FBB3B,Ton Ky,F0E0F3B3,2,
name_0FBB5B,Ton Quan,F0E0F1F4,2,
name_0FBB63,Ton At,F0E0F5F2,2,
name_0FBB71,Ton Kieu,F0E0F3B9,2,
name_0FBB81,Ton Lam,F0E0F3AB,2,
name_0FBB89,Ton Ham,F0E0F464,2,
name_0FBBA3,Tu Thuong,F0B3F140,2,
name_0FBBAC,Tu Thuc,F0B3F146,2,
name_0FBBB3,Tu Thinh,F0B3F155,2,
name_0FBBCB,Yen Minh,EFF2F2F0,2,
name_0FBBD3,Hoan Khai,F448F3DE,2,
name_0FBBDB,Hoan Pham,F448F251,2,
name_0FBBE3,To Mao,F0E7F340,2,
name_0FBBEB,To Tat,F0E7F1A1,2,
name_0FBBF3,[loi extract],5BF361F4B75D,2,
name_0FBC03,[loi extract],5BF361F4B75D,2,
name_0FBC0B,Tan Mat,F1ABF2FD,2,
name_0FBC13,Tan Minh,F1ABF2F0,2,
name_0FBC1B,[loi extract],5BF361F4B75D,2,
name_0FBC21,Cam Ky,F5C1F3B3,2,
name_0FBC31,Tuan Sang,F0B0F1D4,2,
name_0FBC39,Tuan Than,F0B0F16F,2,
name_0FBC53,Tuan Chinh,F0B0F56F,2,
name_0FBC5C,Tuan Nghiem,F0B0F2C1,2,
name_0FBC63,Vien Thuong,F063F140,2,
name_0FBC7B,Vien Thuat,F063F147,2,
name_0FBC83,Vien Hy,F063F3E9,2,
name_0FBC8B,Vien Dam,F063F4F9,2,
name_0FBC93,Vien Di,F063F4E3,2,
name_0FBC9B,Hac Chieu,F468F573,2,
name_0FBCB3,[loi extract],5BF361F4B75D,2,
name_0FBCBB,Ma Dai,F34BF4FB,2,
name_0FBCC3,Ma Diem,F34BF4DF,2,
name_0FBCD1,Ma Hoan,F34BF448,2,
name_0FBCE1,Ma Han,F34BF463,2,
name_0FBCE9,Ma Ton,F34BF0E0,2,
name_0FBD03,Ma Tuc,F34BF0AF,2,
name_0FBD0C,Ma Nguyen Nghia,F34BF2ABF2C3,3,
name_0FBD13,Ma Dieu,F34BF4DA,2,
name_0FBD1B,[loi extract],5BF361F4B75D,2,
name_0FBD2B,Cao Dinh,F5BBF4D8,2,
name_0FBD33,Cao Thuan,F5BBF149,2,
name_0FBD3B,Cao Can,F5BBF5BF,2,
name_0FBD43,Cao Lam,F5BBF3AB,2,
name_0FBD4B,Cao Thang,F5BBF16C,2,
name_0FBD5B,[loi extract],5BF361F4B75D,2,
name_0FBD63,[loi extract],5BF361F4B75D,2,
name_0FBD6B,O Hoan Xuc,F25CF448EFF9,3,
name_0FBD73,Su Toan,F1BCF0E5,2,
name_0FBD81,Thoi Nghiem,F151F2C1,2,
name_0FBD91,Thoi Luong,F151F353,2,
name_0FBD99,Truong Giac,F0B6F47E,2,
name_0FBDB3,Truong Nhuong,F0B6F26C,2,
name_0FBDBC,Truong Vu,F0B6F057,2,
name_0FBDC3,Truong Doan,F0B6F4D4,2,
name_0FBDDB,Truong Tien,F0B6F0F5,2,
name_0FBDE3,Truong Thua,F0B6F14B,2,
name_0FBDEB,Truong Tong,F0B6F0DE,2,
name_0FBDF3,Truong Ho,F0B6F44F,2,
name_0FBDFB,Truong Nam,F0B6F2DA,2,
name_0FBE1B,Truong Hach,F0B6F467,2,
name_0FBE23,Truong Phi,F0B6F247,2,
name_0FBE31,Truong Duong,F0B6F4BD,2,
name_0FBE41,Truong Dat,F0B6F4EE,2,
name_0FBE49,Truong Ve,F0B6F06A,2,
name_0FBE63,Truong Hoanh,F0B6F444,2,
name_0FBE6C,Truong Yen,F0B6EFF2,2,
name_0FBE73,Truong Lieu,F0B6F36C,2,
name_0FBE8B,Truong Tu,F0B6F0B3,2,
name_0FBE93,Truong Mac,F0B6F349,2,
name_0FBE9B,Truong Hoanh,F0B6F444,2,
name_0FBEA3,Truong Nghi,F0B6F2C5,2,
name_0FBEAB,Truong Khai,F0B6F3DE,2,
name_0FBECB,Truong Tuc,F0B6F0AF,2,
name_0FBED3,Truong Thieu,F0B6F157,2,
name_0FBEE1,Truong Cau,F0B6F5B6,2,
name_0FBEF1,Truong Uoc,F0B6F07B,2,
name_0FBEF9,Truong Tap,F0B6F1A3,2,
name_0FBF13,Truong Tiet,F0B6F0F0,2,
name_0FBF1C,Truong Hoa,F0B6F44D,2,
name_0FBF23,Truong De,F0B6F4E8,2,
name_0FBF3B,Tao Huu,F1A6F3EE,2,
name_0FBF43,Tao Vu,F1A6F057,2,
name_0FBF4B,Tao An Dan,F1A6F5F6F4F7,3,
name_0FBF53,Tao Tinh,F1A6F0E9,2,
name_0FBF5B,Tao Ngoang,F1A6F2B8,2,
name_0FBF7B,Tao Hong,F1A6F3FC,2,
name_0FBF83,Tao Chan,F1A6F5AC,2,
name_0FBF91,Tao Ton,F1A6F0E0,2,
name_0FBFA1,Tao Suong,F1A6F1B5,2,
name_0FBFA9,Tao Thuc,F1A6F146,2,
name_0FBFC3,Tao Mao,F1A6F340,2,
name_0FBFCC,Tao Thao,F1A6F168,2,
name_0FBFD3,Tao Hi,F1A6F456,2,
name_0FBFEB,Tao Ton,F1A6F0E0,2,
name_0FBFF3,Luong Cuong,F353F544,2,
name_0FBFFB,Luong Khoan,F353F3CC,2,
name_0FC570,Luu Bi,F351F5DF,2,
name_0FC4B8,Trieu Van,F0C8F072,2,
name_0FC718,G.C.Luong,F4B52EF5CA2EF353,3,
name_0FC9A8,Quan Vu,F1F4F057,2,
panel_0FD4AE,Ra lenh cho,F1E6F373F56B,3,
panel_0FDA0A,Ra lenh cho,F1E6F373F56B,3,
panel_0FD086,Quan chu,F1F4F561,2,
panel_0FD426,Quan chu,F1F4F561,2,
panel_0FD9FC,Uy nhiem,F078F277,2,
panel_0FAF6C,Quan su,F1F4F1BA,2,
panel_0FAF74,Noi chinh,F266F56E,2,
panel_0FAF7C,Ngoai giao,F2B9F478,2,
panel_0FAFB4,Thai thu,F173F14C,2,
panel_0FAFAC,Quan su,F1F4F1BA,2,
panel_0FAEA8,Thue suat,F144F1B8,2,
ui_042E18,Choi moi,F569F2EA,2,
ui_042E60,Doc save,F4D3F1CC,2,
ui_042EA8,Tao nhan vat,F1A6F27EF06C,3,
